ApplicantIncome,A15,Married,Property_Area,Education,A7,TotalIncome,DTI,LoanAmount,CoapplicantIncome,Loan_Status,split
5677.0,,Yes,Rural,Graduate,,7101.0,0.014080540692762602,100.0,1424.0,1.0,train
,4340.0,,,,7.0,,,,,1.0,train
4166.0,,Yes,Urban,Graduate,,7535.0,0.026671974522292995,201.0,3369.0,0.0,train
,18782.0,,,,0.0,,,,,1.0,train
3975.0,,No,Rural,Not Graduate,,6506.0,0.008452435838327955,55.0,2531.0,1.0,train
3166.0,,Yes,Urban,Graduate,,5230.0,0.019881475817243355,104.0,2064.0,0.0,train
,3729.0,,,,20.0,,,,,1.0,train
3000.0,,Yes,Urban,Not Graduate,,4666.0,0.021427040925648167,100.0,1666.0,0.0,train
,3729.0,,,,20.0,,,,,1.0,train
,3804.0,,,,6.0,,,,,1.0,train
4050.0,,Yes,Rural,Not Graduate,,9352.0,0.014754624184753555,138.0,5302.0,0.0,train
,1328.0,,,,3.0,,,,,1.0,train
,4340.0,,,,7.0,,,,,1.0,train
2400.0,,Yes,Urban,Graduate,,2400.0,0.03123698458975427,75.0,0.0,1.0,train
3775.0,,Yes,Semiurban,Graduate,,3775.0,0.02913135593220339,110.0,0.0,1.0,train
,18782.0,,,,0.0,,,,,1.0,train
,3659.0,,,,18.0,,,,,1.0,train
2882.0,,Yes,Semiurban,Graduate,,4725.0,0.026026237833262803,123.0,1843.0,1.0,train
,1660.0,,,,5.0,,,,,1.0,train
,3729.0,,,,20.0,,,,,1.0,train
,2616.0,,,,4.0,,,,,1.0,train
,2616.0,,,,4.0,,,,,1.0,train
,1328.0,,,,3.0,,,,,1.0,train
,3729.0,,,,20.0,,,,,1.0,train
6250.0,,Yes,Rural,Graduate,,7550.0,0.014302741358760428,108.0,1300.0,1.0,train
,6604.0,,,,10.0,,,,,1.0,train
4652.0,,Yes,Semiurban,Graduate,,8235.0,,,3583.0,1.0,train
10408.0,,No,Urban,Graduate,,10408.0,0.02488231338264963,259.0,0.0,1.0,train
2600.0,,Yes,Semiurban,Not Graduate,,4511.0,0.025709219858156027,116.0,1911.0,0.0,train
,2616.0,,,,4.0,,,,,1.0,train
,2616.0,,,,4.0,,,,,1.0,train
,6604.0,,,,10.0,,,,,1.0,train
,2212.0,,,,6.0,,,,,0.0,train
,18782.0,,,,0.0,,,,,1.0,train
,2212.0,,,,6.0,,,,,0.0,train
3750.0,,No,Urban,Graduate,,3750.0,0.030125299920021328,113.0,0.0,0.0,train
,2616.0,,,,4.0,,,,,1.0,train
,2616.0,,,,4.0,,,,,1.0,train
,1328.0,,,,3.0,,,,,1.0,train
5250.0,,Yes,Rural,Graduate,,5938.0,0.02694056238423977,160.0,688.0,1.0,train
,2616.0,,,,4.0,,,,,1.0,train
4288.0,,Yes,Urban,Not Graduate,,7551.0,0.017611228813559324,133.0,3263.0,1.0,train
1759.0,,Yes,Semiurban,Graduate,,5300.0,0.024712318430484815,131.0,3541.0,1.0,train
3340.0,,Yes,Rural,Graduate,,5050.0,0.02969708968521085,150.0,1710.0,0.0,train
3593.0,,Yes,Rural,Graduate,,7859.0,0.016793893129770993,132.0,4266.0,0.0,train
15759.0,,No,Semiurban,Graduate,,15759.0,0.0034898477157360407,55.0,0.0,1.0,train
4095.0,,No,Rural,Graduate,,7542.0,0.020018560254540633,151.0,3447.0,1.0,train
,6604.0,,,,10.0,,,,,1.0,train
,1562.0,,,,5.0,,,,,1.0,train
2980.0,,No,Rural,Graduate,,5063.0,0.023696682464454975,120.0,2083.0,1.0,train
,18721.0,,,,0.0,,,,,1.0,train
,4340.0,,,,7.0,,,,,1.0,train
,1562.0,,,,5.0,,,,,1.0,train
,18782.0,,,,0.0,,,,,1.0,train
1958.0,,Yes,Urban,Not Graduate,,3414.0,0.017569546120058566,60.0,1456.0,1.0,train
,4340.0,,,,7.0,,,,,1.0,train
,6604.0,,,,10.0,,,,,1.0,train
,2824.0,,,,4.0,,,,,1.0,train
,3804.0,,,,6.0,,,,,1.0,train
2971.0,,No,Semiurban,Graduate,,5762.0,0.024986985944820406,144.0,2791.0,1.0,train
,2080.0,,,,6.0,,,,,1.0,train
2083.0,,Yes,Semiurban,Graduate,,6166.0,0.025944543538187124,160.0,4083.0,1.0,train
,3729.0,,,,20.0,,,,,1.0,train
,1562.0,,,,5.0,,,,,1.0,train
,4340.0,,,,7.0,,,,,1.0,train
,4340.0,,,,7.0,,,,,1.0,train
3993.0,,Yes,Semiurban,Graduate,,7267.0,0.028481012658227847,207.0,3274.0,1.0,train
,4340.0,,,,7.0,,,,,1.0,train
,1328.0,,,,3.0,,,,,1.0,train
6283.0,,No,Rural,Graduate,,10699.0,0.01953271028037383,209.0,4416.0,0.0,train
,1328.0,,,,3.0,,,,,1.0,train
3875.0,,Yes,Urban,Graduate,,3875.0,0.017285861713106296,67.0,0.0,0.0,train
,3729.0,,,,20.0,,,,,1.0,train
,6604.0,,,,10.0,,,,,1.0,train
,4340.0,,,,7.0,,,,,1.0,train
,2616.0,,,,4.0,,,,,1.0,train
,2616.0,,,,4.0,,,,,1.0,train
16692.0,,Yes,Semiurban,Graduate,,16692.0,0.006589588450248607,110.0,0.0,1.0,train
,3729.0,,,,20.0,,,,,1.0,train
8333.0,,Yes,Semiurban,Graduate,,8333.0,0.029517638588912886,246.0,0.0,1.0,train
,3729.0,,,,20.0,,,,,1.0,train
,4340.0,,,,7.0,,,,,1.0,train
,3659.0,,,,18.0,,,,,1.0,train
,1328.0,,,,3.0,,,,,1.0,train
,2824.0,,,,4.0,,,,,1.0,train
3466.0,,Yes,Rural,Graduate,,4676.0,0.027795595467179815,130.0,1210.0,1.0,train
,1562.0,,,,5.0,,,,,1.0,train
3600.0,,No,Urban,Graduate,,3600.0,0.022216051096917523,80.0,0.0,0.0,train
,4340.0,,,,7.0,,,,,1.0,train
,3729.0,,,,20.0,,,,,1.0,train
3315.0,,Yes,Semiurban,Graduate,,3315.0,0.028950542822677925,96.0,0.0,1.0,train
3497.0,,Yes,Rural,Graduate,,5461.0,0.021237641889417794,116.0,1964.0,1.0,train
,2824.0,,,,4.0,,,,,1.0,train
63337.0,,Yes,Urban,Graduate,,63337.0,0.007736272064163693,490.0,0.0,1.0,train
,4340.0,,,,7.0,,,,,1.0,train
,18721.0,,,,0.0,,,,,1.0,train
,2719.0,,,,13.0,,,,,0.0,train
,1328.0,,,,3.0,,,,,1.0,train
1828.0,,Yes,Urban,Graduate,,3158.0,0.03165558721114277,100.0,1330.0,0.0,train
,4340.0,,,,7.0,,,,,1.0,train
,18782.0,,,,0.0,,,,,1.0,train
6045.0,,No,Rural,Not Graduate,,6045.0,0.01902084022494211,115.0,0.0,0.0,train
20233.0,,No,Rural,Graduate,,20233.0,0.023722447365819906,480.0,0.0,0.0,train
,4340.0,,,,7.0,,,,,1.0,train
2309.0,,Yes,Rural,Not Graduate,,3564.0,0.03506311360448808,125.0,1255.0,0.0,train
,3729.0,,,,20.0,,,,,1.0,train
,6604.0,,,,10.0,,,,,1.0,train
4333.0,,Yes,Urban,Graduate,,6784.0,0.016212232866617538,110.0,2451.0,0.0,train
,3659.0,,,,18.0,,,,,1.0,train
,2719.0,,,,13.0,,,,,0.0,train
,18782.0,,,,0.0,,,,,1.0,train
2698.0,,Yes,Semiurban,Graduate,,4732.0,0.025776463131206424,122.0,2034.0,1.0,train
3652.0,,No,Semiurban,Graduate,,3652.0,0.026006022447303587,95.0,0.0,1.0,train
,1328.0,,,,3.0,,,,,1.0,train
4000.0,,Yes,Semiurban,Graduate,,11750.0,0.024678750744617478,290.0,7750.0,0.0,train
,3659.0,,,,18.0,,,,,1.0,train
14866.0,,Yes,Urban,Graduate,,14866.0,0.004708414609537903,70.0,0.0,1.0,train
,2616.0,,,,4.0,,,,,1.0,train
,2212.0,,,,6.0,,,,,0.0,train
,2616.0,,,,4.0,,,,,1.0,train
3900.0,,Yes,Semiurban,Graduate,,3900.0,0.023071007433991285,90.0,0.0,1.0,train
3865.0,,No,Rural,Graduate,,5505.0,,,1640.0,1.0,train
,2616.0,,,,4.0,,,,,1.0,train
,6604.0,,,,10.0,,,,,1.0,train
4735.0,,Yes,Urban,Not Graduate,,4735.0,0.029138513513513514,138.0,0.0,0.0,train
,4340.0,,,,7.0,,,,,1.0,train
,2616.0,,,,4.0,,,,,1.0,train
,2616.0,,,,4.0,,,,,1.0,train
2679.0,,No,Semiurban,Not Graduate,,3981.0,0.023606228026117528,94.0,1302.0,1.0,train
,2824.0,,,,4.0,,,,,1.0,train
,3729.0,,,,20.0,,,,,1.0,train
,1328.0,,,,3.0,,,,,1.0,train
4009.0,,Yes,Semiurban,Graduate,,5726.0,0.020254932774576566,116.0,1717.0,1.0,train
2873.0,,Yes,Semiurban,Graduate,,4745.0,0.02781289506953224,132.0,1872.0,0.0,train
,3659.0,,,,18.0,,,,,1.0,train
4006.0,,Yes,Urban,Graduate,,5532.0,0.030363274896078075,168.0,1526.0,1.0,train
4180.0,,Yes,Semiurban,Graduate,,6486.0,0.028056112224448898,182.0,2306.0,1.0,train
5667.0,,Yes,Rural,Graduate,,8334.0,0.021595680863827234,180.0,2667.0,1.0,train
4300.0,,Yes,Rural,Not Graduate,,6314.0,0.030720506730007917,194.0,2014.0,1.0,train
5819.0,,Yes,Rural,Graduate,,10819.0,0.011090573012939002,120.0,5000.0,1.0,train
5000.0,,No,Rural,Graduate,,7541.0,0.02002121453195439,151.0,2541.0,0.0,train
,3729.0,,,,20.0,,,,,1.0,train
,3729.0,,,,20.0,,,,,1.0,train
,6604.0,,,,10.0,,,,,1.0,train
,4340.0,,,,7.0,,,,,1.0,train
3510.0,,No,Urban,Graduate,,3510.0,0.02164625462831102,76.0,0.0,0.0,train
,2824.0,,,,4.0,,,,,1.0,train
,2616.0,,,,4.0,,,,,1.0,train
,1660.0,,,,5.0,,,,,1.0,train
,85677.0,,,,0.0,,,,,1.0,train
3427.0,,No,Urban,Graduate,,3427.0,0.040256709451575265,138.0,0.0,0.0,train
6033.0,,Yes,Urban,Not Graduate,,6033.0,0.026516407026847863,160.0,0.0,0.0,train
,2616.0,,,,4.0,,,,,1.0,train
,6604.0,,,,10.0,,,,,1.0,train
,2824.0,,,,4.0,,,,,1.0,train
,4340.0,,,,7.0,,,,,1.0,train
7948.0,,Yes,Rural,Graduate,,15114.0,0.03175653324512074,480.0,7166.0,1.0,train
,2719.0,,,,13.0,,,,,0.0,train
2900.0,,No,Rural,Graduate,,2900.0,0.024474319200275766,71.0,0.0,1.0,train
,1328.0,,,,3.0,,,,,1.0,train
,4340.0,,,,7.0,,,,,1.0,train
,2719.0,,,,13.0,,,,,0.0,train
,3729.0,,,,20.0,,,,,1.0,train
7250.0,,Yes,Urban,Graduate,,8917.0,0.012334604171338866,110.0,1667.0,0.0,train
3902.0,,No,Rural,Not Graduate,,5568.0,0.019572634225175075,109.0,1666.0,1.0,train
,6604.0,,,,10.0,,,,,1.0,train
,3729.0,,,,20.0,,,,,1.0,train
,6604.0,,,,10.0,,,,,1.0,train
4695.0,,Yes,Urban,Not Graduate,,4695.0,0.020442930153321975,96.0,0.0,1.0,train
,4340.0,,,,7.0,,,,,1.0,train
3155.0,,Yes,Semiurban,Graduate,,4934.0,0.028368794326241134,140.0,1779.0,1.0,train
,1562.0,,,,5.0,,,,,1.0,train
,1660.0,,,,5.0,,,,,1.0,train
,2616.0,,,,4.0,,,,,1.0,train
2500.0,,No,Urban,Graduate,,2500.0,0.026789284286285485,67.0,0.0,1.0,train
,18782.0,,,,0.0,,,,,1.0,train
,3729.0,,,,20.0,,,,,1.0,train
10750.0,,Yes,Urban,Graduate,,10750.0,0.02902055622732769,312.0,0.0,1.0,train
3572.0,,Yes,Rural,Not Graduate,,7686.0,0.01977364381423182,152.0,4114.0,0.0,train
,2616.0,,,,4.0,,,,,1.0,train
3029.0,,Yes,Urban,Graduate,,3029.0,0.032673267326732675,99.0,0.0,1.0,train
,2616.0,,,,4.0,,,,,1.0,train
,2719.0,,,,13.0,,,,,0.0,train
3167.0,,Yes,Semiurban,Graduate,,7167.0,0.025111607142857144,180.0,4000.0,0.0,train
,2616.0,,,,4.0,,,,,1.0,train
6417.0,,Yes,Rural,Graduate,,6417.0,0.024462449361171704,157.0,0.0,1.0,train
4166.0,,No,Semiurban,Graduate,,4166.0,0.02351811855051596,98.0,0.0,0.0,train
2510.0,,Yes,Urban,Not Graduate,,4493.0,0.03115264797507788,140.0,1983.0,0.0,train
13262.0,,No,Urban,Graduate,,13262.0,0.0030159089195506295,40.0,0.0,1.0,train
,4340.0,,,,7.0,,,,,1.0,train
,1328.0,,,,3.0,,,,,1.0,train
,2824.0,,,,4.0,,,,,1.0,train
4350.0,,No,Rural,Not Graduate,,4350.0,0.03539416226154907,154.0,0.0,1.0,train
,2616.0,,,,4.0,,,,,1.0,train
,3729.0,,,,20.0,,,,,1.0,train
,1562.0,,,,5.0,,,,,1.0,train
12841.0,,Yes,Semiurban,Graduate,,23809.0,0.014657706845863082,349.0,10968.0,0.0,train
,3659.0,,,,18.0,,,,,1.0,train
1916.0,,No,Rural,Graduate,,6979.0,0.009598853868194842,67.0,5063.0,0.0,train
,1328.0,,,,3.0,,,,,1.0,train
7740.0,,Yes,Urban,Graduate,,7740.0,0.016535331352538433,128.0,0.0,1.0,train
,1328.0,,,,3.0,,,,,1.0,train
,1562.0,,,,5.0,,,,,1.0,train
,3729.0,,,,20.0,,,,,1.0,train
,1562.0,,,,5.0,,,,,1.0,train
,2616.0,,,,4.0,,,,,1.0,train
8799.0,,Yes,Urban,Graduate,,8799.0,0.02931818181818182,258.0,0.0,0.0,train
,4340.0,,,,7.0,,,,,1.0,train
,3729.0,,,,20.0,,,,,1.0,train
,1562.0,,,,5.0,,,,,1.0,train
,18782.0,,,,0.0,,,,,1.0,train
,1562.0,,,,5.0,,,,,1.0,train
,2616.0,,,,4.0,,,,,1.0,train
5250.0,,Yes,Urban,Graduate,,5250.0,0.017901352123405066,94.0,0.0,0.0,train
5829.0,,Yes,Rural,Graduate,,5829.0,0.023670668953687822,138.0,0.0,1.0,train
,2616.0,,,,4.0,,,,,1.0,train
3069.0,,No,Urban,Graduate,,3069.0,0.023127035830618894,71.0,0.0,0.0,train
,6604.0,,,,10.0,,,,,1.0,train
,1562.0,,,,5.0,,,,,1.0,train
,3729.0,,,,20.0,,,,,1.0,train
2192.0,,Yes,Semiurban,Not Graduate,,3934.0,0.011435832274459974,45.0,1742.0,1.0,train
9504.0,,Yes,Rural,Graduate,,9504.0,0.028932140978432403,275.0,0.0,1.0,train
,3729.0,,,,20.0,,,,,1.0,train
2927.0,,No,Semiurban,Not Graduate,,5332.0,0.02081380086255391,111.0,2405.0,1.0,train
,1328.0,,,,3.0,,,,,1.0,train
,4340.0,,,,7.0,,,,,1.0,train
,2616.0,,,,4.0,,,,,1.0,train
,2616.0,,,,4.0,,,,,1.0,train
5695.0,,Yes,Semiurban,Graduate,,9862.0,0.017743080198722498,175.0,4167.0,1.0,train
19484.0,,Yes,Semiurban,Graduate,,19484.0,0.030792917628945343,600.0,0.0,1.0,train
,2719.0,,,,13.0,,,,,0.0,train
1538.0,,Yes,Urban,Graduate,,2963.0,0.010121457489878543,30.0,1425.0,1.0,train
,6604.0,,,,10.0,,,,,1.0,train
,2616.0,,,,4.0,,,,,1.0,train
,1562.0,,,,5.0,,,,,1.0,train
2383.0,,Yes,Rural,Graduate,,4521.0,0.012826183104820876,58.0,2138.0,1.0,train
4000.0,,No,Semiurban,Graduate,,6275.0,0.022944550669216062,144.0,2275.0,1.0,train
,2616.0,,,,4.0,,,,,1.0,train
6125.0,,Yes,Semiurban,Not Graduate,,7750.0,0.024125919236227585,187.0,1625.0,0.0,train
,6604.0,,,,10.0,,,,,1.0,train
,2616.0,,,,4.0,,,,,1.0,train
,1328.0,,,,3.0,,,,,1.0,train
,2824.0,,,,4.0,,,,,1.0,train
5746.0,,Yes,Rural,Graduate,,5746.0,0.02505655124412737,144.0,0.0,1.0,train
,1879.0,,,,4.0,,,,,1.0,train
1836.0,,No,Urban,Graduate,,35673.0,0.0025228457700285922,90.0,33837.0,0.0,train
3917.0,,Yes,Semiurban,Not Graduate,,3917.0,0.03164880040837162,124.0,0.0,1.0,train
,1328.0,,,,3.0,,,,,1.0,train
,3729.0,,,,20.0,,,,,1.0,train
,2824.0,,,,4.0,,,,,1.0,train
,3729.0,,,,20.0,,,,,1.0,train
,6604.0,,,,10.0,,,,,1.0,train
3667.0,,No,Urban,Graduate,,3667.0,0.030806979280261722,113.0,0.0,1.0,train
2000.0,,No,Urban,Not Graduate,,2000.0,,,0.0,0.0,train
,2616.0,,,,4.0,,,,,1.0,train
,6604.0,,,,10.0,,,,,1.0,train
13650.0,,Yes,Urban,Graduate,,13650.0,,,0.0,1.0,train
,3729.0,,,,20.0,,,,,1.0,train
,2080.0,,,,6.0,,,,,1.0,train
1800.0,,Yes,Urban,Not Graduate,,4734.0,0.019640971488912355,93.0,2934.0,0.0,train
,1328.0,,,,3.0,,,,,1.0,train
8300.0,,Yes,Semiurban,Graduate,,8300.0,0.018311046861823877,152.0,0.0,0.0,train
5923.0,,Yes,Rural,Graduate,,7977.0,0.026447731260967663,211.0,2054.0,1.0,train
,1562.0,,,,5.0,,,,,1.0,train
,3729.0,,,,20.0,,,,,1.0,train
,2616.0,,,,4.0,,,,,1.0,train
3125.0,,Yes,Semiurban,Graduate,,5708.0,0.02977754422841128,170.0,2583.0,0.0,train
3481.0,,No,Semiurban,Graduate,,3481.0,0.04451464675473866,155.0,0.0,0.0,train
,6604.0,,,,10.0,,,,,1.0,train
,2080.0,,,,6.0,,,,,1.0,train
,6604.0,,,,10.0,,,,,1.0,train
,2616.0,,,,4.0,,,,,1.0,train
9328.0,,Yes,Rural,Graduate,,9328.0,0.020152213527709295,188.0,0.0,1.0,train
,2616.0,,,,4.0,,,,,1.0,train
1809.0,,Yes,Urban,Graduate,,3677.0,0.024469820554649267,90.0,1868.0,1.0,train
3660.0,,No,Semiurban,Graduate,,8724.0,0.021432664756446992,187.0,5064.0,1.0,train
,1562.0,,,,5.0,,,,,1.0,train
2750.0,,Yes,Semiurban,Graduate,,4592.0,0.025038101458741562,115.0,1842.0,1.0,train
,2616.0,,,,4.0,,,,,1.0,train
2383.0,,Yes,Semiurban,Graduate,,5717.0,0.030080447708989155,172.0,3334.0,1.0,train
,3729.0,,,,20.0,,,,,1.0,train
,3729.0,,,,20.0,,,,,1.0,train
6216.0,,No,Rural,Not Graduate,,6216.0,0.021392954801351134,133.0,0.0,0.0,train
9323.0,,Yes,Rural,Graduate,,17196.0,0.02209687736233064,380.0,7873.0,1.0,train
,1879.0,,,,4.0,,,,,1.0,train
7933.0,,Yes,Urban,Graduate,,7933.0,0.034660952861104107,275.0,0.0,0.0,train
4566.0,,Yes,Urban,Graduate,,4566.0,0.02189621195533173,100.0,0.0,0.0,train
4554.0,,Yes,Urban,Not Graduate,,5783.0,0.02731673582295989,158.0,1229.0,1.0,train
4680.0,,No,Semiurban,Graduate,,6767.0,,,2087.0,0.0,train
,2824.0,,,,4.0,,,,,1.0,train
1926.0,,No,Semiurban,Graduate,,3777.0,0.013234515616728428,50.0,1851.0,1.0,train
2500.0,,No,Urban,Graduate,,2500.0,0.03718512594962015,93.0,0.0,1.0,train
,3729.0,,,,20.0,,,,,1.0,train
,4340.0,,,,7.0,,,,,1.0,train
,4340.0,,,,7.0,,,,,1.0,train
,4340.0,,,,7.0,,,,,1.0,train
,2212.0,,,,6.0,,,,,0.0,train
6000.0,,No,Urban,Graduate,,6000.0,0.023496083986002333,141.0,0.0,1.0,train
3588.0,,No,Rural,Graduate,,3588.0,0.030649205906937867,110.0,0.0,0.0,train
,2616.0,,,,4.0,,,,,1.0,train
,1562.0,,,,5.0,,,,,1.0,train
1820.0,,Yes,Rural,Not Graduate,,3589.0,0.026462395543175487,95.0,1769.0,1.0,train
,4340.0,,,,7.0,,,,,1.0,train
6000.0,,Yes,Semiurban,Graduate,,6000.0,0.03416097317113814,205.0,0.0,0.0,train
8072.0,,Yes,Urban,Graduate,,8312.0,0.030434259593407915,253.0,240.0,1.0,train
,18721.0,,,,0.0,,,,,1.0,train
5780.0,,Yes,Urban,Graduate,,5780.0,0.03321224701608718,192.0,0.0,1.0,train
3189.0,,No,Rural,Not Graduate,,5787.0,0.02073255010366275,120.0,2598.0,1.0,train
37719.0,,No,Semiurban,Graduate,,37719.0,0.004029692470837752,152.0,0.0,1.0,train
,2616.0,,,,4.0,,,,,1.0,train
5488.0,,Yes,Rural,Graduate,,5488.0,0.02277281836400073,125.0,0.0,1.0,train
,6604.0,,,,10.0,,,,,1.0,train
,4340.0,,,,7.0,,,,,1.0,train
,1562.0,,,,5.0,,,,,1.0,train
11757.0,,Yes,Urban,Graduate,,11757.0,0.01590406531723082,187.0,0.0,1.0,train
3547.0,,No,Rural,Graduate,,3547.0,0.02254791431792559,80.0,0.0,0.0,train
,2616.0,,,,4.0,,,,,1.0,train
,2616.0,,,,4.0,,,,,1.0,train
,6604.0,,,,10.0,,,,,1.0,train
,4340.0,,,,7.0,,,,,1.0,train
4865.0,,Yes,Semiurban,Graduate,,10489.0,0.01982840800762631,208.0,5624.0,1.0,train
2507.0,,No,Rural,Graduate,,2507.0,0.022328548644338118,56.0,0.0,1.0,train
,1879.0,,,,4.0,,,,,1.0,train
,3729.0,,,,20.0,,,,,1.0,train
7787.0,,Yes,Urban,Graduate,,7787.0,0.030816640986132512,240.0,0.0,1.0,train
9963.0,,Yes,Rural,Graduate,,9963.0,0.018065034122842234,180.0,0.0,1.0,train
5649.0,,Yes,Urban,Graduate,,5649.0,0.007787610619469027,44.0,0.0,1.0,train
6080.0,,Yes,Rural,Graduate,,8649.0,0.021040462427745665,182.0,2569.0,0.0,train
3667.0,,Yes,Semiurban,Graduate,,5126.0,0.028086600351082503,144.0,1459.0,1.0,train
,2616.0,,,,4.0,,,,,1.0,train
3500.0,,No,Semiurban,Graduate,,3500.0,0.02313624678663239,81.0,0.0,1.0,train
,3729.0,,,,20.0,,,,,1.0,train
3095.0,,Yes,Rural,Not Graduate,,3095.0,0.03649870801033592,113.0,0.0,1.0,train
1907.0,,No,Urban,Not Graduate,,4272.0,0.02808331383103206,120.0,2365.0,1.0,train
3541.0,,No,Semiurban,Graduate,,3541.0,0.03162055335968379,112.0,0.0,1.0,train
4400.0,,Yes,Semiurban,Graduate,,4400.0,0.028857077936832537,127.0,0.0,0.0,train
,1328.0,,,,3.0,,,,,1.0,train
,3729.0,,,,20.0,,,,,1.0,train
2060.0,,No,Semiurban,Graduate,,4269.0,0.03138173302107728,134.0,2209.0,1.0,train
,2080.0,,,,6.0,,,,,1.0,train
,1328.0,,,,3.0,,,,,1.0,train
,2616.0,,,,4.0,,,,,1.0,train
,3659.0,,,,18.0,,,,,1.0,train
,3729.0,,,,20.0,,,,,1.0,train
,3729.0,,,,20.0,,,,,1.0,train
6500.0,,No,Rural,Graduate,,6500.0,0.016151361329026302,105.0,0.0,0.0,train
,2616.0,,,,4.0,,,,,1.0,train
,3729.0,,,,20.0,,,,,1.0,train
,2616.0,,,,4.0,,,,,1.0,train
,2080.0,,,,6.0,,,,,1.0,train
,2616.0,,,,4.0,,,,,1.0,train
,3659.0,,,,18.0,,,,,1.0,train
2600.0,,Yes,Rural,Not Graduate,,4300.0,0.02487793536386887,107.0,1700.0,1.0,train
,2824.0,,,,4.0,,,,,1.0,train
,2616.0,,,,4.0,,,,,1.0,train
,1562.0,,,,5.0,,,,,1.0,train
1875.0,,Yes,Semiurban,Not Graduate,,3750.0,0.025859770727805917,97.0,1875.0,1.0,train
4923.0,,No,Semiurban,Graduate,,4923.0,0.033712428919577576,166.0,0.0,1.0,train
12876.0,,No,Semiurban,Graduate,,12876.0,0.03145142502135591,405.0,0.0,1.0,train
,2616.0,,,,4.0,,,,,1.0,train
6050.0,,No,Urban,Graduate,,10383.0,0.011556240369799691,120.0,4333.0,0.0,train
,3729.0,,,,20.0,,,,,1.0,train
,1660.0,,,,5.0,,,,,1.0,train
3850.0,,Yes,Semiurban,Not Graduate,,4833.0,0.02068680182043856,100.0,983.0,1.0,train
,18782.0,,,,0.0,,,,,1.0,train
3583.0,,No,Urban,Graduate,,3583.0,0.026785714285714284,96.0,0.0,0.0,train
,1562.0,,,,5.0,,,,,1.0,train
,2616.0,,,,4.0,,,,,1.0,train
10047.0,,,Semiurban,Graduate,,10047.0,,,0.0,1.0,train
4191.0,,No,Rural,Graduate,,4191.0,0.02862595419847328,120.0,0.0,1.0,train
,2616.0,,,,4.0,,,,,1.0,train
3522.0,,Yes,Rural,Not Graduate,,3522.0,0.022991768379222254,81.0,0.0,0.0,train
,1660.0,,,,5.0,,,,,1.0,train
,2212.0,,,,6.0,,,,,0.0,train
,3729.0,,,,20.0,,,,,1.0,train
3601.0,,Yes,Rural,Not Graduate,,5191.0,,,1590.0,1.0,train
,6604.0,,,,10.0,,,,,1.0,train
,1562.0,,,,5.0,,,,,1.0,train
,1562.0,,,,5.0,,,,,1.0,train
,1328.0,,,,3.0,,,,,1.0,train
,1328.0,,,,3.0,,,,,1.0,train
,2616.0,,,,4.0,,,,,1.0,train
2165.0,,No,Semiurban,Not Graduate,,2165.0,0.032317636195752536,70.0,0.0,1.0,train
,2616.0,,,,4.0,,,,,1.0,train
5316.0,,No,Urban,Graduate,,5316.0,0.025578333646793305,136.0,0.0,1.0,train
11417.0,,Yes,Urban,Graduate,,12543.0,0.01793686224489796,225.0,1126.0,1.0,train
4652.0,,Yes,Rural,Not Graduate,,4652.0,0.02364066193853428,110.0,0.0,1.0,train
,1562.0,,,,5.0,,,,,1.0,train
39147.0,,Yes,Semiurban,Graduate,,43897.0,0.0027336097316506447,120.0,4750.0,1.0,train
2071.0,,Yes,Semiurban,Not Graduate,,2825.0,0.03326256192498231,94.0,754.0,1.0,train
,2080.0,,,,6.0,,,,,1.0,train
,18782.0,,,,0.0,,,,,1.0,train
,2616.0,,,,4.0,,,,,1.0,train
,18782.0,,,,0.0,,,,,1.0,train
,2616.0,,,,4.0,,,,,1.0,train
,1660.0,,,,5.0,,,,,1.0,train
2500.0,,Yes,Rural,Graduate,,7100.0,0.024785241515279537,176.0,4600.0,1.0,train
,2719.0,,,,13.0,,,,,0.0,train
,1562.0,,,,5.0,,,,,1.0,train
,3729.0,,,,20.0,,,,,1.0,train
10000.0,,No,Semiurban,Graduate,,10000.0,0.021397860213978603,214.0,0.0,0.0,train
,6604.0,,,,10.0,,,,,1.0,train
6608.0,,Yes,Urban,Not Graduate,,6608.0,0.02072930851868664,137.0,0.0,1.0,train
,2616.0,,,,4.0,,,,,1.0,train
3399.0,,Yes,Urban,Not Graduate,,5039.0,0.022023809523809525,111.0,1640.0,1.0,train
6783.0,,No,Semiurban,Not Graduate,,6783.0,0.019162735849056603,130.0,0.0,1.0,train
2895.0,,Yes,Semiurban,Graduate,,2895.0,0.03280386740331492,95.0,0.0,1.0,train
,3729.0,,,,20.0,,,,,1.0,train
,2212.0,,,,6.0,,,,,0.0,train
8624.0,,No,Semiurban,Graduate,,8624.0,0.017391304347826087,150.0,0.0,1.0,train
,1562.0,,,,5.0,,,,,1.0,train
,6604.0,,,,10.0,,,,,1.0,train
,2616.0,,,,4.0,,,,,1.0,train
2297.0,,Yes,Urban,Graduate,,3819.0,0.027225130890052355,104.0,1522.0,1.0,train
11250.0,,No,Semiurban,Graduate,,11250.0,0.017420673717891744,196.0,0.0,0.0,train
,6604.0,,,,10.0,,,,,1.0,train
,4340.0,,,,7.0,,,,,1.0,train
2889.0,,Yes,Urban,Not Graduate,,2889.0,0.015570934256055362,45.0,0.0,0.0,train
,3729.0,,,,20.0,,,,,1.0,train
4160.0,,No,Semiurban,Graduate,,4160.0,0.017063205960105743,71.0,0.0,1.0,train
,2616.0,,,,4.0,,,,,1.0,train
,3729.0,,,,20.0,,,,,1.0,train
14880.0,,Yes,Semiurban,Graduate,,14880.0,0.00645117935622606,96.0,0.0,1.0,train
4281.0,,Yes,Urban,Graduate,,4281.0,0.023353573096683792,100.0,0.0,1.0,train
2957.0,,Yes,Semiurban,Graduate,,2957.0,0.02738336713995943,81.0,0.0,1.0,train
2787.0,,Yes,Rural,Graduate,,4704.0,0.031030818278427207,146.0,1917.0,0.0,train
,3729.0,,,,20.0,,,,,1.0,train
,1328.0,,,,3.0,,,,,1.0,train
,18782.0,,,,0.0,,,,,1.0,train
,3729.0,,,,20.0,,,,,1.0,train
,1660.0,,,,5.0,,,,,1.0,train
8333.0,,No,Rural,Graduate,,12083.0,0.015475008275405495,187.0,3750.0,1.0,train
3812.0,,No,Rural,Graduate,,3812.0,0.02937319695777603,112.0,0.0,1.0,train
,1562.0,,,,5.0,,,,,1.0,train
,4340.0,,,,7.0,,,,,1.0,train
3276.0,,Yes,Semiurban,Graduate,,3760.0,0.035894708854028186,135.0,484.0,1.0,train
5285.0,,Yes,Semiurban,Not Graduate,,6715.0,0.023972602739726026,161.0,1430.0,1.0,train
,3729.0,,,,20.0,,,,,1.0,train
,1660.0,,,,5.0,,,,,1.0,train
10833.0,,Yes,Semiurban,Graduate,,10833.0,0.021598670851024553,234.0,0.0,1.0,train
,6604.0,,,,10.0,,,,,1.0,train
3867.0,,No,Semiurban,Not Graduate,,3867.0,0.016028955532574975,62.0,0.0,0.0,train
3182.0,,No,Urban,Graduate,,6099.0,0.02639344262295082,161.0,2917.0,1.0,train
,4340.0,,,,7.0,,,,,1.0,train
,2824.0,,,,4.0,,,,,1.0,train
4625.0,,Yes,Urban,Graduate,,7482.0,0.014833622878524655,111.0,2857.0,1.0,train
,18782.0,,,,0.0,,,,,1.0,train
,18782.0,,,,0.0,,,,,1.0,train
,1562.0,,,,5.0,,,,,1.0,train
,1562.0,,,,5.0,,,,,1.0,train
,4340.0,,,,7.0,,,,,1.0,train
,2616.0,,,,4.0,,,,,1.0,train
3087.0,,Yes,Semiurban,Graduate,,5297.0,0.025670064175160438,136.0,2210.0,0.0,train
4887.0,,Yes,Rural,Not Graduate,,4887.0,0.02720949263502455,133.0,0.0,0.0,train
3948.0,,Yes,Rural,Graduate,,5681.0,0.026223160858852516,149.0,1733.0,0.0,train
,1328.0,,,,3.0,,,,,1.0,train
3083.0,,No,Rural,Graduate,,3083.0,0.08268482490272373,255.0,0.0,1.0,train
3333.0,,No,Urban,Graduate,,3333.0,0.020995800839832032,70.0,0.0,1.0,train
2929.0,,Yes,Semiurban,Graduate,,5262.0,0.026410792323769715,139.0,2333.0,1.0,train
,1660.0,,,,5.0,,,,,1.0,train
6133.0,,Yes,Urban,Graduate,,10039.0,0.03227091633466136,324.0,3906.0,1.0,train
3748.0,,No,Semiurban,Not Graduate,,5416.0,0.020306442680450433,110.0,1668.0,1.0,train
,2719.0,,,,13.0,,,,,0.0,train
14999.0,,No,Semiurban,Graduate,,14999.0,0.016133333333333333,242.0,0.0,0.0,train
,2616.0,,,,4.0,,,,,1.0,train
,2616.0,,,,4.0,,,,,1.0,train
3166.0,,No,Rural,Graduate,,6151.0,0.021456436931079324,132.0,2985.0,1.0,train
3596.0,,No,Urban,Not Graduate,,3596.0,0.027800945232137893,100.0,0.0,1.0,train
,2616.0,,,,4.0,,,,,1.0,train
,6604.0,,,,10.0,,,,,1.0,train
,2616.0,,,,4.0,,,,,1.0,train
,4340.0,,,,7.0,,,,,1.0,train
,2616.0,,,,4.0,,,,,1.0,train
,1562.0,,,,5.0,,,,,1.0,train
2400.0,,Yes,Urban,Not Graduate,,6200.0,,,3800.0,0.0,train
,18782.0,,,,0.0,,,,,1.0,train
3430.0,,Yes,Semiurban,Graduate,,4680.0,0.027344584490493484,128.0,1250.0,0.0,train
,3729.0,,,,20.0,,,,,1.0,train
,1328.0,,,,3.0,,,,,1.0,train
4583.0,,Yes,Rural,Graduate,,4583.0,0.02443280977312391,112.0,0.0,0.0,train
,1660.0,,,,5.0,,,,,1.0,train
,3729.0,,,,20.0,,,,,1.0,train
,1328.0,,,,3.0,,,,,1.0,train
4817.0,,Yes,Urban,Graduate,,5740.0,0.020902281832433374,120.0,923.0,1.0,train
,2719.0,,,,13.0,,,,,0.0,train
4723.0,,No,Semiurban,Graduate,,4723.0,0.01714648602878916,81.0,0.0,0.0,train
1863.0,,Yes,Semiurban,Not Graduate,,2904.0,0.033734939759036145,98.0,1041.0,1.0,train
3691.0,,No,Rural,Not Graduate,,3691.0,0.029794149512459372,110.0,0.0,1.0,train
,3729.0,,,,20.0,,,,,1.0,train
,2212.0,,,,6.0,,,,,0.0,train
,3729.0,,,,20.0,,,,,1.0,train
,18782.0,,,,0.0,,,,,1.0,train
11146.0,,Yes,Urban,Graduate,,11146.0,0.01220059208755719,136.0,0.0,1.0,train
2965.0,,No,Urban,Graduate,,8666.0,0.017883927541248415,155.0,5701.0,1.0,train
8334.0,,Yes,Semiurban,Graduate,,8334.0,0.01919616076784643,160.0,0.0,0.0,train
,4340.0,,,,7.0,,,,,1.0,train
5000.0,,No,Rural,Graduate,,5000.0,0.026394721055788842,132.0,0.0,1.0,train
,2616.0,,,,4.0,,,,,1.0,train
1811.0,,No,Urban,Graduate,,3477.0,0.015526164462334674,54.0,1666.0,1.0,train
,6604.0,,,,10.0,,,,,1.0,train
,3729.0,,,,20.0,,,,,1.0,train
3180.0,,No,Urban,Graduate,,3180.0,0.022320025149324112,71.0,0.0,0.0,train
,2616.0,,,,4.0,,,,,1.0,train
1299.0,,Yes,Urban,Graduate,,2385.0,0.007124895222129086,17.0,1086.0,1.0,train
2600.0,,Yes,Semiurban,Not Graduate,,5100.0,0.01764359929425603,90.0,2500.0,1.0,train
210.0,,Yes,Semiurban,Not Graduate,,3127.0,0.03132992327365729,98.0,2917.0,1.0,train
2378.0,,No,Urban,Graduate,,2378.0,0.0037831021437578815,9.0,0.0,0.0,train
,2616.0,,,,4.0,,,,,1.0,train
3887.0,,Yes,Semiurban,Graduate,,6556.0,0.024706420619185602,162.0,2669.0,1.0,train
,2616.0,,,,4.0,,,,,1.0,train
,1879.0,,,,4.0,,,,,1.0,train
3358.0,,No,Semiurban,Not Graduate,,3358.0,0.023816612086930634,80.0,0.0,0.0,train
,1660.0,,,,5.0,,,,,1.0,train
,6604.0,,,,10.0,,,,,1.0,train
9166.0,,No,Urban,Graduate,,9166.0,0.026617213919493836,244.0,0.0,0.0,train
,3729.0,,,,20.0,,,,,1.0,train
,1328.0,,,,3.0,,,,,1.0,train
,3729.0,,,,20.0,,,,,1.0,train
3010.0,,Yes,Urban,Not Graduate,,6146.0,,,3136.0,0.0,train
4408.0,,No,Semiurban,Not Graduate,,4408.0,0.027217056021773645,120.0,0.0,1.0,train
,1660.0,,,,5.0,,,,,1.0,train
,2824.0,,,,4.0,,,,,1.0,train
,6604.0,,,,10.0,,,,,1.0,train
,3659.0,,,,18.0,,,,,1.0,train
,4340.0,,,,7.0,,,,,1.0,train
,2212.0,,,,6.0,,,,,0.0,train
5391.0,,Yes,Urban,Graduate,,5391.0,0.02410979228486647,130.0,0.0,1.0,train
3620.0,,No,Semiurban,Not Graduate,,3620.0,0.006904170118751726,25.0,0.0,1.0,train
1993.0,,Yes,Semiurban,Not Graduate,,3618.0,0.031224095053882288,113.0,1625.0,1.0,train
2425.0,,Yes,Semiurban,Graduate,,4765.0,0.03000419639110365,143.0,2340.0,1.0,train
,1562.0,,,,5.0,,,,,1.0,train
,3729.0,,,,20.0,,,,,1.0,train
,1328.0,,,,3.0,,,,,1.0,train
,1328.0,,,,3.0,,,,,1.0,train
,4340.0,,,,7.0,,,,,1.0,train
,2719.0,,,,13.0,,,,,0.0,train
2935.0,,No,Semiurban,Graduate,,2935.0,0.03337874659400545,98.0,0.0,1.0,train
,6604.0,,,,10.0,,,,,1.0,train
3075.0,,Yes,Rural,Graduate,,5491.0,0.02530954115076475,139.0,2416.0,1.0,train
,1328.0,,,,3.0,,,,,1.0,train
,2616.0,,,,4.0,,,,,1.0,train
,2616.0,,,,4.0,,,,,1.0,train
2178.0,,Yes,Rural,Graduate,,2178.0,0.030289123451124368,66.0,0.0,0.0,train
,1660.0,,,,5.0,,,,,1.0,train
,2212.0,,,,6.0,,,,,0.0,train
3083.0,,Yes,Urban,Not Graduate,,5251.0,0.02399086062452399,126.0,2168.0,1.0,train
7333.0,,No,Rural,Not Graduate,,7333.0,0.01636214889555495,120.0,0.0,0.0,train
4467.0,,Yes,Rural,Not Graduate,,4467.0,0.02685765443151298,120.0,0.0,1.0,train
4384.0,,No,Urban,Graduate,,6177.0,0.018938167691809647,117.0,1793.0,1.0,train
,3729.0,,,,20.0,,,,,1.0,train
3727.0,,Yes,Semiurban,Graduate,,5502.0,0.023805197165182628,131.0,1775.0,1.0,train
3450.0,,Yes,Semiurban,Graduate,,5529.0,0.029294755877034357,162.0,2079.0,1.0,train
,6079.0,,,,5.0,,,,,1.0,train
,1328.0,,,,3.0,,,,,1.0,train
4860.0,,Yes,Semiurban,Graduate,,5690.0,0.021964505359339307,125.0,830.0,1.0,train
3283.0,,Yes,Urban,Graduate,,5318.0,0.027824779093814627,148.0,2035.0,1.0,train
2500.0,,No,Semiurban,Graduate,,2500.0,0.03838464614154338,96.0,0.0,0.0,train
,2616.0,,,,4.0,,,,,1.0,train
4124.0,,No,Semiurban,Graduate,,4124.0,0.027878787878787878,115.0,0.0,1.0,train
10139.0,,Yes,Semiurban,Graduate,,10139.0,0.02564102564102564,260.0,0.0,1.0,train
2600.0,,Yes,Urban,Graduate,,6100.0,0.018849368955908868,115.0,3500.0,1.0,train
,2616.0,,,,4.0,,,,,1.0,train
1880.0,,Yes,Rural,Graduate,,1880.0,0.03242955874534822,61.0,0.0,0.0,train
,3729.0,,,,20.0,,,,,1.0,train
2479.0,,No,Urban,Graduate,,2479.0,0.02379032258064516,59.0,0.0,1.0,train
4166.0,,No,Semiurban,Graduate,,4166.0,0.010559155267578594,44.0,0.0,1.0,train
,18782.0,,,,0.0,,,,,1.0,train
,2212.0,,,,6.0,,,,,0.0,train
,1660.0,,,,5.0,,,,,1.0,train
,1328.0,,,,3.0,,,,,1.0,train
,2616.0,,,,4.0,,,,,1.0,train
,2616.0,,,,4.0,,,,,1.0,train
,3729.0,,,,20.0,,,,,1.0,train
,1562.0,,,,5.0,,,,,1.0,train
,2824.0,,,,4.0,,,,,1.0,train
,2616.0,,,,4.0,,,,,1.0,train
,1562.0,,,,5.0,,,,,1.0,train
,2719.0,,,,13.0,,,,,0.0,train
3418.0,,No,Semiurban,Graduate,,3418.0,0.03714536414156186,127.0,0.0,0.0,train
,2616.0,,,,4.0,,,,,1.0,train
,6604.0,,,,10.0,,,,,1.0,train
,3729.0,,,,20.0,,,,,1.0,train
,3729.0,,,,20.0,,,,,1.0,train
,1328.0,,,,3.0,,,,,1.0,train
,6604.0,,,,10.0,,,,,1.0,train
,1562.0,,,,5.0,,,,,1.0,train
,4340.0,,,,7.0,,,,,1.0,train
11000.0,,No,Urban,Graduate,,11000.0,0.007544768657394782,83.0,0.0,0.0,train
,3659.0,,,,18.0,,,,,1.0,train
,2616.0,,,,4.0,,,,,1.0,train
,2616.0,,,,4.0,,,,,1.0,train
5703.0,,Yes,Rural,Not Graduate,,5703.0,0.02279102384291725,130.0,0.0,1.0,train
3073.0,,Yes,Urban,Graduate,,11179.0,0.017889087656529516,200.0,8106.0,1.0,train
2625.0,,Yes,Rural,Graduate,,8875.0,0.02106804867057233,187.0,6250.0,1.0,train
,3729.0,,,,20.0,,,,,1.0,train
4310.0,,Yes,Semiurban,Graduate,,4310.0,0.03015541637671074,130.0,0.0,1.0,train
6782.0,,No,Urban,Graduate,,6782.0,,,0.0,0.0,train
,3729.0,,,,20.0,,,,,1.0,train
3762.0,,No,Rural,Graduate,,5428.0,0.024866457911217537,135.0,1666.0,1.0,train
,3659.0,,,,18.0,,,,,1.0,train
,2616.0,,,,4.0,,,,,1.0,train
7142.0,,Yes,Rural,Not Graduate,,7142.0,0.019319613607727847,138.0,0.0,1.0,train
,2212.0,,,,6.0,,,,,0.0,train
,3659.0,,,,18.0,,,,,1.0,train
2138.0,,No,Semiurban,Graduate,,2138.0,0.04628330995792426,99.0,0.0,0.0,train
,1562.0,,,,5.0,,,,,1.0,train
,2080.0,,,,6.0,,,,,1.0,train
,3729.0,,,,20.0,,,,,1.0,train
,2616.0,,,,4.0,,,,,1.0,train
2484.0,,Yes,Semiurban,Graduate,,4786.0,0.028619176937539167,137.0,2302.0,1.0,train
,18782.0,,,,0.0,,,,,1.0,train
,3659.0,,,,18.0,,,,,1.0,train
16667.0,,Yes,Semiurban,Graduate,,18917.0,0.004545935088275717,86.0,2250.0,1.0,train
5042.0,,Yes,Rural,Graduate,,7125.0,0.02596126859388156,185.0,2083.0,0.0,train
,3729.0,,,,20.0,,,,,1.0,train
,3729.0,,,,20.0,,,,,1.0,train
3416.0,,Yes,Semiurban,Graduate,,6232.0,0.01812931172789989,113.0,2816.0,1.0,train
,6604.0,,,,10.0,,,,,1.0,train
,18721.0,,,,0.0,,,,,1.0,train
,3729.0,,,,20.0,,,,,1.0,train
6000.0,,Yes,Semiurban,Graduate,,8250.0,0.03211731911283481,265.0,2250.0,0.0,train
,2616.0,,,,4.0,,,,,1.0,train
,85677.0,,,,0.0,,,,,1.0,train
,3659.0,,,,18.0,,,,,1.0,train
,1562.0,,,,5.0,,,,,1.0,train
5191.0,,No,Semiurban,Not Graduate,,5191.0,0.025423728813559324,132.0,0.0,1.0,train
2130.0,,Yes,Semiurban,Graduate,,8796.0,0.00795725815618961,70.0,6666.0,0.0,train
8333.0,,Yes,Rural,Graduate,,11500.0,0.014346578558386227,165.0,3167.0,1.0,train
7441.0,,No,Rural,Graduate,,7441.0,0.026068261220102123,194.0,0.0,0.0,train
,2824.0,,,,4.0,,,,,1.0,train
3406.0,,Yes,Semiurban,Not Graduate,,7823.0,0.01572085889570552,123.0,4417.0,1.0,train
,18721.0,,,,0.0,,,,,1.0,train
2479.0,,Yes,Urban,Graduate,,5492.0,0.03422537775350446,188.0,3013.0,1.0,train
10513.0,,Yes,Urban,Graduate,,14363.0,0.01113895850737956,160.0,3850.0,0.0,train
,2616.0,,,,4.0,,,,,1.0,train
,3659.0,,,,18.0,,,,,1.0,train
2454.0,,Yes,Urban,Not Graduate,,4787.0,0.03780284043441938,181.0,2333.0,0.0,train
4133.0,,No,Semiurban,Graduate,,4133.0,0.029511369134010642,122.0,0.0,1.0,train
2500.0,,Yes,Semiurban,Graduate,,4618.0,0.022515696038103484,104.0,2118.0,1.0,train
,1660.0,,,,5.0,,,,,1.0,train
,1660.0,,,,5.0,,,,,1.0,train
6333.0,,Yes,Semiurban,Graduate,,10916.0,0.023724466428506,259.0,4583.0,1.0,train
,3729.0,,,,20.0,,,,,1.0,train
,2616.0,,,,4.0,,,,,1.0,train
14583.0,,Yes,Rural,Graduate,,14583.0,0.012685134393856282,185.0,0.0,1.0,train
33846.0,,Yes,Semiurban,Graduate,,33846.0,0.0076816261411646524,260.0,0.0,0.0,train
,2616.0,,,,4.0,,,,,1.0,train
2876.0,,No,Urban,Graduate,,4436.0,0.02028397565922921,90.0,1560.0,1.0,train
,3729.0,,,,20.0,,,,,1.0,train
3246.0,,Yes,Semiurban,Graduate,,4663.0,0.029588336192109776,138.0,1417.0,1.0,train
,1328.0,,,,3.0,,,,,1.0,train
,4340.0,,,,7.0,,,,,1.0,train
9703.0,,Yes,Urban,Graduate,,9703.0,0.011541632316570486,112.0,0.0,1.0,train
2726.0,,Yes,Semiurban,Graduate,,2726.0,0.03887055372203887,106.0,0.0,0.0,train
4301.0,,Yes,Urban,Graduate,,4301.0,0.027429102742910275,118.0,0.0,1.0,train
,18782.0,,,,0.0,,,,,1.0,train
,3729.0,,,,20.0,,,,,1.0,train
,1874.0,,,,10.0,,,,,1.0,train
2600.0,,No,Semiurban,Graduate,,4317.0,0.022927281148679944,99.0,1717.0,0.0,train
4166.0,,No,Semiurban,Graduate,,4166.0,0.027837772978161746,116.0,0.0,0.0,train
4342.0,,Yes,Semiurban,Graduate,,4531.0,0.02736098852603707,124.0,189.0,1.0,train
3708.0,,Yes,Urban,Graduate,,6277.0,0.027556546670914304,173.0,2569.0,0.0,train
,2616.0,,,,4.0,,,,,1.0,train
,4340.0,,,,7.0,,,,,1.0,train
,18782.0,,,,0.0,,,,,1.0,train
,2824.0,,,,4.0,,,,,1.0,train
2583.0,,Yes,Urban,Not Graduate,,4941.0,0.024281667341157425,120.0,2358.0,1.0,train
3500.0,,Yes,Urban,Not Graduate,,4583.0,0.029450261780104712,135.0,1083.0,1.0,train
,18721.0,,,,0.0,,,,,1.0,train
16250.0,,No,Urban,Graduate,,16250.0,0.011814657559534798,192.0,0.0,0.0,train
,18782.0,,,,0.0,,,,,1.0,train
,18782.0,,,,0.0,,,,,1.0,train
,1328.0,,,,3.0,,,,,1.0,train
4583.0,,Yes,Semiurban,Graduate,,6666.0,0.023998800059997,160.0,2083.0,1.0,train
1853.0,,No,Rural,Graduate,,4693.0,0.024286322965487855,114.0,2840.0,0.0,train
,4340.0,,,,7.0,,,,,1.0,train
,2719.0,,,,13.0,,,,,0.0,train
6633.0,,Yes,Rural,Graduate,,6633.0,,,0.0,0.0,train
,18721.0,,,,0.0,,,,,1.0,train
5935.0,,Yes,Semiurban,Graduate,,5935.0,0.02240566037735849,133.0,0.0,1.0,train
,1328.0,,,,3.0,,,,,1.0,train
,1562.0,,,,5.0,,,,,1.0,train
3100.0,,Yes,Urban,Graduate,,4500.0,0.025105532103976893,113.0,1400.0,1.0,train
3273.0,,Yes,Urban,Not Graduate,,5093.0,0.015901060070671377,81.0,1820.0,1.0,train
,3729.0,,,,20.0,,,,,1.0,train
,3659.0,,,,18.0,,,,,1.0,train
,4340.0,,,,7.0,,,,,1.0,train
,4340.0,,,,7.0,,,,,1.0,train
,3729.0,,,,20.0,,,,,1.0,train
,18782.0,,,,0.0,,,,,1.0,train
8666.0,,Yes,Rural,Graduate,,13649.0,0.027545787545787546,376.0,4983.0,0.0,train
,1562.0,,,,5.0,,,,,1.0,train
9560.0,,Yes,Semiurban,Graduate,,9560.0,0.019976989854617717,191.0,0.0,1.0,train
,1328.0,,,,3.0,,,,,1.0,train
2917.0,,No,Semiurban,Graduate,,2917.0,0.02878684030157642,84.0,0.0,1.0,train
,4340.0,,,,7.0,,,,,1.0,train
,6604.0,,,,10.0,,,,,1.0,train
,2616.0,,,,4.0,,,,,1.0,train
,1562.0,,,,5.0,,,,,1.0,train
,2616.0,,,,4.0,,,,,1.0,train
5468.0,,Yes,Semiurban,Graduate,,6500.0,0.003999384710044608,26.0,1032.0,1.0,train
3167.0,,Yes,Semiurban,Graduate,,5450.0,0.028251696936341955,154.0,2283.0,1.0,train
2647.0,,Yes,Rural,Not Graduate,,4234.0,0.04085005903187721,173.0,1587.0,0.0,train
2221.0,,Yes,Urban,Graduate,,2221.0,0.027002700270027002,60.0,0.0,0.0,train
4283.0,,Yes,Rural,Graduate,,7283.0,0.023613399231191653,172.0,3000.0,0.0,train
2583.0,,Yes,Rural,Graduate,,4913.0,0.02543752543752544,125.0,2330.0,1.0,train
5266.0,,Yes,Semiurban,Graduate,,7040.0,0.02655872745348672,187.0,1774.0,1.0,train
3988.0,,Yes,Urban,Graduate,,3988.0,0.012534469791927802,50.0,0.0,1.0,train
,1562.0,,,,5.0,,,,,1.0,train
,1328.0,,,,3.0,,,,,1.0,train
,4340.0,,,,7.0,,,,,1.0,train
5166.0,,No,Semiurban,Graduate,,5166.0,0.0247725953164312,128.0,0.0,1.0,train
,3729.0,,,,20.0,,,,,1.0,train
2483.0,,Yes,Rural,Graduate,,4949.0,0.01818181818181818,90.0,2466.0,1.0,train
,4340.0,,,,7.0,,,,,1.0,train
,18782.0,,,,0.0,,,,,1.0,train
,2616.0,,,,4.0,,,,,1.0,train
,1660.0,,,,5.0,,,,,1.0,train
,3729.0,,,,20.0,,,,,1.0,train
,3729.0,,,,20.0,,,,,1.0,train
2492.0,,Yes,Rural,Not Graduate,,4867.0,,,2375.0,1.0,train
,1328.0,,,,3.0,,,,,1.0,train
,2616.0,,,,4.0,,,,,1.0,train
5746.0,,Yes,Urban,Graduate,,5746.0,0.044370976161475555,255.0,0.0,0.0,train
,2616.0,,,,4.0,,,,,1.0,train
3000.0,,Yes,Semiurban,Graduate,,6416.0,0.008726819386005922,56.0,3416.0,1.0,train
,6604.0,,,,10.0,,,,,1.0,train
4708.0,,Yes,Semiurban,Graduate,,6095.0,0.024606299212598427,150.0,1387.0,1.0,train
,6604.0,,,,10.0,,,,,1.0,train
3017.0,,Yes,Semiurban,Not Graduate,,3680.0,0.027709861450692746,102.0,663.0,1.0,train
2500.0,,No,Semiurban,Graduate,,2500.0,0.021991203518592562,55.0,0.0,1.0,train
,3729.0,,,,20.0,,,,,1.0,train
4843.0,,No,Semiurban,Graduate,,8649.0,0.017456647398843932,151.0,3806.0,1.0,train
2894.0,,Yes,Rural,Not Graduate,,5686.0,0.027255143309301916,155.0,2792.0,1.0,train
2875.0,,Yes,Semiurban,Not Graduate,,4625.0,0.022697795071335927,105.0,1750.0,1.0,train
,1328.0,,,,3.0,,,,,1.0,train
,1328.0,,,,3.0,,,,,1.0,train
,85677.0,,,,0.0,,,,,1.0,train
,2653.0,,,,4.0,,,,,1.0,train
,3729.0,,,,20.0,,,,,1.0,train
,6604.0,,,,10.0,,,,,1.0,train
,2824.0,,,,4.0,,,,,1.0,train
,18721.0,,,,0.0,,,,,1.0,train
,2616.0,,,,4.0,,,,,1.0,train
,2616.0,,,,4.0,,,,,1.0,train
,2616.0,,,,4.0,,,,,1.0,train
2346.0,,No,Semiurban,Not Graduate,,3946.0,0.03344312135799341,132.0,1600.0,1.0,train
2755.0,,No,Rural,Not Graduate,,2755.0,0.02358490566037736,65.0,0.0,0.0,train
,1562.0,,,,5.0,,,,,1.0,train
39999.0,,Yes,Semiurban,Graduate,,39999.0,0.015,600.0,0.0,1.0,train
,1328.0,,,,3.0,,,,,1.0,train
,3729.0,,,,20.0,,,,,1.0,train
5185.0,,Yes,Semiurban,Graduate,,5185.0,0.029888160431932126,155.0,0.0,1.0,train
,1562.0,,,,5.0,,,,,1.0,train
3750.0,,No,Urban,Graduate,,8500.0,0.0207034466533349,176.0,4750.0,0.0,train
10000.0,,No,Rural,Graduate,,11666.0,0.019285163281049112,225.0,1666.0,0.0,train
,3729.0,,,,20.0,,,,,1.0,train
3333.0,,Yes,Urban,Graduate,,6583.0,0.02399756986634265,158.0,3250.0,1.0,train
,2616.0,,,,4.0,,,,,1.0,train
,3729.0,,,,20.0,,,,,1.0,train
81000.0,,Yes,Rural,Graduate,,81000.0,0.00444438957543734,360.0,0.0,0.0,train
,2616.0,,,,4.0,,,,,1.0,train
4230.0,,No,Semiurban,Graduate,,4230.0,0.02647128338454266,112.0,0.0,0.0,train
,85677.0,,,,0.0,,,,,1.0,train
,3729.0,,,,20.0,,,,,1.0,train
,6604.0,,,,10.0,,,,,1.0,train
2435.0,,No,Urban,Graduate,,2435.0,0.03078817733990148,75.0,0.0,0.0,train
,3729.0,,,,20.0,,,,,1.0,train
,6604.0,,,,10.0,,,,,1.0,train
,3729.0,,,,20.0,,,,,1.0,train
,3729.0,,,,20.0,,,,,1.0,train
,3729.0,,,,20.0,,,,,1.0,train
,1874.0,,,,10.0,,,,,1.0,train
2275.0,,Yes,Urban,Graduate,,4342.0,,,2067.0,1.0,train
,6604.0,,,,10.0,,,,,1.0,train
,18782.0,,,,0.0,,,,,1.0,train
5000.0,,Yes,Semiurban,Graduate,,8667.0,0.02722658052607291,236.0,3667.0,1.0,train
2920.0,,Yes,Rural,Graduate,,2936.12000084,0.02962085307209732,87.0,16.12000084,1.0,train
4917.0,,No,Rural,Graduate,,4917.0,0.026433509556730378,130.0,0.0,1.0,train
,1562.0,,,,5.0,,,,,1.0,train
,18782.0,,,,0.0,,,,,1.0,train
2333.0,,Yes,Urban,Not Graduate,,3849.0,0.024675324675324677,95.0,1516.0,1.0,train
,3729.0,,,,20.0,,,,,1.0,train
,2212.0,,,,6.0,,,,,0.0,train
3510.0,,Yes,Rural,Graduate,,7926.0,0.03065472435978302,243.0,4416.0,1.0,train
3987.0,,Yes,Rural,Not Graduate,,5398.0,0.029079459159103538,157.0,1411.0,1.0,train
4167.0,,Yes,Rural,Graduate,,5614.0,0.028138913624220836,158.0,1447.0,1.0,train
,1562.0,,,,5.0,,,,,1.0,train
,1660.0,,,,5.0,,,,,1.0,train
1000.0,,Yes,Urban,Graduate,,4022.0,0.02734277902063137,110.0,3022.0,0.0,train
,2719.0,,,,13.0,,,,,0.0,train
5116.0,,Yes,Urban,Graduate,,6567.0,0.025121802679658953,165.0,1451.0,0.0,train
,3729.0,,,,20.0,,,,,1.0,train
2609.0,,Yes,Rural,Not Graduate,,6058.0,0.027232216537382406,165.0,3449.0,0.0,train
,4340.0,,,,7.0,,,,,1.0,train
,18782.0,,,,0.0,,,,,1.0,train
4354.0,,No,Rural,Graduate,,4354.0,0.031228473019517797,136.0,0.0,1.0,train
,3659.0,,,,18.0,,,,,1.0,train
,6604.0,,,,10.0,,,,,1.0,train
,4340.0,,,,7.0,,,,,1.0,train
,2616.0,,,,4.0,,,,,1.0,train
,6604.0,,,,10.0,,,,,1.0,train
,2616.0,,,,4.0,,,,,1.0,train
,1562.0,,,,5.0,,,,,1.0,train
,2616.0,,,,4.0,,,,,1.0,train
4583.0,,Yes,Rural,Graduate,,6091.0,0.021011162179908074,128.0,1508.0,0.0,train
,3729.0,,,,20.0,,,,,1.0,train
,3729.0,,,,20.0,,,,,1.0,train
3013.0,,Yes,Urban,Graduate,,6046.0,0.015710269555151316,95.0,3033.0,1.0,train
,6604.0,,,,10.0,,,,,1.0,train
3859.0,,Yes,Rural,Graduate,,7159.0,0.01983240223463687,142.0,3300.0,1.0,train
,3729.0,,,,20.0,,,,,1.0,train
,1328.0,,,,3.0,,,,,1.0,train
,2616.0,,,,4.0,,,,,1.0,train
,3659.0,,,,18.0,,,,,1.0,train
8750.0,,Yes,Rural,Graduate,,13746.0,0.009456608714628646,130.0,4996.0,1.0,train
,4340.0,,,,7.0,,,,,1.0,train
1668.0,,Yes,Semiurban,Not Graduate,,5558.0,0.03615758229897464,201.0,3890.0,0.0,train
,2616.0,,,,4.0,,,,,1.0,train
3717.0,,Yes,Semiurban,Graduate,,6642.0,0.022730693963570674,151.0,2925.0,0.0,train
,2824.0,,,,4.0,,,,,1.0,train
9508.0,,No,Rural,Graduate,,9508.0,0.019665579976864023,187.0,0.0,1.0,train
6875.0,,Yes,Semiurban,Graduate,,6875.0,0.029086678301337987,200.0,0.0,1.0,train
,1328.0,,,,3.0,,,,,1.0,train
3200.0,,No,Urban,Not Graduate,,5454.0,0.0230980751604033,126.0,2254.0,0.0,train
6096.0,,Yes,Rural,Not Graduate,,6096.0,0.03575528948663277,218.0,0.0,0.0,train
4683.0,,No,Semiurban,Graduate,,6598.0,0.028034550689498408,185.0,1915.0,0.0,train
,1328.0,,,,3.0,,,,,1.0,train
4755.0,,Yes,Semiurban,Not Graduate,,4755.0,0.019974768713204374,95.0,0.0,0.0,train
3833.0,,No,Rural,Not Graduate,,3833.0,0.028690662493479395,110.0,0.0,1.0,train
,4340.0,,,,7.0,,,,,1.0,train
,2719.0,,,,13.0,,,,,0.0,train
,3729.0,,,,20.0,,,,,1.0,train
3539.0,,Yes,Rural,Graduate,,4915.0,0.011187957689178194,55.0,1376.0,0.0,train
,1660.0,,,,5.0,,,,,1.0,train
,3729.0,,,,20.0,,,,,1.0,train
3237.0,,No,Urban,Graduate,,3237.0,0.00926497838171711,30.0,0.0,1.0,train
2666.0,,Yes,Rural,Graduate,,4749.0,0.02,95.0,2083.0,1.0,train
7660.0,,Yes,Urban,Not Graduate,,7660.0,0.013575251272679808,104.0,0.0,0.0,train
,1660.0,,,,5.0,,,,,1.0,train
,3729.0,,,,20.0,,,,,1.0,train
,2616.0,,,,4.0,,,,,1.0,train
5800.0,,No,Semiurban,Not Graduate,,5800.0,0.022754697465954144,132.0,0.0,1.0,train
2718.0,,No,Semiurban,Graduate,,2718.0,0.025744759102611255,70.0,0.0,1.0,train
3400.0,,No,Rural,Not Graduate,,3400.0,0.027932960893854747,95.0,0.0,0.0,train
,3729.0,,,,20.0,,,,,1.0,train
,2616.0,,,,4.0,,,,,1.0,train
,4340.0,,,,7.0,,,,,1.0,train
5849.0,,No,Urban,Graduate,,5849.0,,,0.0,1.0,train
3992.0,,Yes,Urban,Not Graduate,,3992.0,,,0.0,0.0,train
,4340.0,,,,7.0,,,,,1.0,train
,4340.0,,,,7.0,,,,,1.0,train
,4340.0,,,,7.0,,,,,1.0,train
3167.0,,No,Urban,Graduate,,3167.0,0.02335858585858586,74.0,0.0,0.0,train
,2653.0,,,,4.0,,,,,1.0,train
2833.0,,No,Rural,Graduate,,4690.0,0.026859944574717545,126.0,1857.0,1.0,train
,2616.0,,,,4.0,,,,,1.0,train
6065.0,,Yes,Semiurban,Graduate,,8069.0,0.030978934324659233,250.0,2004.0,1.0,train
4691.0,,Yes,Semiurban,Graduate,,4691.0,0.021312872975277068,100.0,0.0,1.0,train
5500.0,,Yes,Rural,Graduate,,5500.0,0.019087438647518634,105.0,0.0,0.0,train
,18782.0,,,,0.0,,,,,1.0,train
,3729.0,,,,20.0,,,,,1.0,train
,3729.0,,,,20.0,,,,,1.0,train
4200.0,,Yes,Rural,Not Graduate,,5630.0,0.02290889717634523,129.0,1430.0,0.0,train
9083.0,,Yes,Semiurban,Graduate,,9083.0,0.02509907529722589,228.0,0.0,1.0,train
2378.0,,No,Rural,Graduate,,2378.0,0.019335855401429174,46.0,0.0,0.0,train
2666.0,,Yes,Rural,Graduate,,6966.0,0.017367590067460886,121.0,4300.0,1.0,train
6083.0,,Yes,Urban,Graduate,,10333.0,0.03193342365008709,330.0,4250.0,1.0,train
,2616.0,,,,4.0,,,,,1.0,train
,2616.0,,,,4.0,,,,,1.0,train
3400.0,,Yes,Semiurban,Graduate,,5900.0,0.029317064904253516,173.0,2500.0,1.0,train
,3729.0,,,,20.0,,,,,1.0,train
,3729.0,,,,20.0,,,,,1.0,train
,2159.0,,,,6.0,,,,,0.0,train
2583.0,,No,Rural,Not Graduate,,4750.0,0.02189012839402231,104.0,2167.0,1.0,train
3015.0,,Yes,Rural,Graduate,,5203.0,0.029400461183704842,153.0,2188.0,1.0,train
,2719.0,,,,13.0,,,,,0.0,train
,2824.0,,,,4.0,,,,,1.0,train
,4340.0,,,,7.0,,,,,1.0,train
1928.0,,Yes,Semiurban,Not Graduate,,3572.0,0.027987685418415897,100.0,1644.0,1.0,train
,2616.0,,,,4.0,,,,,1.0,train
2653.0,,Yes,Rural,Not Graduate,,4153.0,0.02720269619643717,113.0,1500.0,0.0,train
2995.0,,No,Urban,Graduate,,2995.0,0.020026702269692925,60.0,0.0,1.0,train
3244.0,,No,Urban,Graduate,,3244.0,0.02465331278890601,80.0,0.0,1.0,train
4416.0,,Yes,Urban,Graduate,,5666.0,0.019410622904535026,110.0,1250.0,1.0,train
,1562.0,,,,5.0,,,,,1.0,train
7583.0,,Yes,Urban,Graduate,,7583.0,0.02465717299578059,187.0,0.0,1.0,train
,2616.0,,,,4.0,,,,,1.0,train
4895.0,,No,Semiurban,Graduate,,4895.0,0.020833333333333332,102.0,0.0,1.0,train
,1562.0,,,,5.0,,,,,1.0,train
9357.0,,No,Semiurban,Graduate,,9357.0,0.031203248557384055,292.0,0.0,1.0,train
,3729.0,,,,20.0,,,,,1.0,train
,2616.0,,,,4.0,,,,,1.0,train
,3659.0,,,,18.0,,,,,1.0,train
4945.0,,Yes,Rural,Graduate,,4945.0,,,0.0,0.0,train
,4340.0,,,,7.0,,,,,1.0,train
,4340.0,,,,7.0,,,,,1.0,train
,4340.0,,,,7.0,,,,,1.0,train
2958.0,,Yes,Semiurban,Graduate,,5858.0,0.022358764294248164,131.0,2900.0,1.0,train
,1562.0,,,,5.0,,,,,1.0,train
20166.0,,No,Urban,Graduate,,20166.0,0.03223087221698815,650.0,0.0,1.0,train
,3729.0,,,,20.0,,,,,1.0,train
,18782.0,,,,0.0,,,,,1.0,train
,4340.0,,,,7.0,,,,,1.0,train
,3729.0,,,,20.0,,,,,1.0,train
2717.0,,No,Urban,Not Graduate,,2717.0,0.02207505518763797,60.0,0.0,1.0,train
1442.0,,No,Urban,Not Graduate,,1442.0,0.024255024255024255,35.0,0.0,0.0,train
,1562.0,,,,5.0,,,,,1.0,train
2395.0,,Yes,Semiurban,Graduate,,2395.0,,,0.0,1.0,train
,2616.0,,,,4.0,,,,,1.0,train
3750.0,,No,Urban,Graduate,,3750.0,0.026659557451346308,100.0,0.0,1.0,train
,2616.0,,,,4.0,,,,,1.0,train
,4340.0,,,,7.0,,,,,1.0,train
,2719.0,,,,13.0,,,,,0.0,train
,3729.0,,,,20.0,,,,,1.0,train
,4340.0,,,,7.0,,,,,1.0,train
3927.0,,Yes,Semiurban,Graduate,,4727.0,0.023688663282571912,112.0,800.0,1.0,train
2439.0,,Yes,Rural,Graduate,,5772.0,0.022345401004676944,129.0,3333.0,1.0,train
4750.0,,Yes,Urban,Graduate,,7083.0,0.018351214003387916,130.0,2333.0,1.0,train
,18782.0,,,,0.0,,,,,1.0,train
,1328.0,,,,3.0,,,,,1.0,train
,2616.0,,,,4.0,,,,,1.0,train
3692.0,,No,Rural,Graduate,,3692.0,0.025182778229082048,93.0,0.0,1.0,train
,1328.0,,,,3.0,,,,,1.0,train
2947.0,,Yes,Urban,Not Graduate,,4611.0,0.015177797051170859,70.0,1664.0,0.0,train
4583.0,,Yes,Rural,Graduate,,4583.0,0.01832460732984293,84.0,0.0,0.0,train
,1562.0,,,,5.0,,,,,1.0,train
,2824.0,,,,4.0,,,,,1.0,train
,3729.0,,,,20.0,,,,,1.0,train
16666.0,,Yes,Urban,Graduate,,16666.0,0.016499670006599867,275.0,0.0,1.0,train
7667.0,,Yes,Rural,Not Graduate,,7667.0,0.02412623891497131,185.0,0.0,1.0,train
,4340.0,,,,7.0,,,,,1.0,train
9323.0,,Yes,Urban,Graduate,,9323.0,0.008043758043758044,75.0,0.0,1.0,train
,4340.0,,,,7.0,,,,,1.0,train
,3729.0,,,,20.0,,,,,1.0,train
2167.0,,Yes,Urban,Not Graduate,,4567.0,0.025175131348511383,115.0,2400.0,1.0,train
,85677.0,,,,0.0,,,,,1.0,train
2083.0,,Yes,Semiurban,Graduate,,5233.0,0.02445548337791364,128.0,3150.0,1.0,train
1378.0,,Yes,Urban,Graduate,,3259.0,0.05122699386503068,167.0,1881.0,0.0,train
2213.0,,No,Rural,Not Graduate,,2213.0,0.02981029810298103,66.0,0.0,1.0,train
,1562.0,,,,5.0,,,,,1.0,train
,6604.0,,,,10.0,,,,,1.0,train
6250.0,,Yes,Semiurban,Graduate,,11904.0,0.015791684166316673,188.0,5654.0,1.0,train
,4340.0,,,,7.0,,,,,1.0,train
,3729.0,,,,20.0,,,,,1.0,train
,2616.0,,,,4.0,,,,,1.0,train
,18782.0,,,,0.0,,,,,1.0,train
,18782.0,,,,0.0,,,,,1.0,train
2720.0,,No,Urban,Not Graduate,,2720.0,0.02940095553105476,80.0,0.0,0.0,train
2301.0,,Yes,Urban,Graduate,,3286.7999878,0.023724070895259342,78.0,985.7999878,1.0,train
10416.0,,No,Urban,Graduate,,10416.0,0.01795142555438226,187.0,0.0,0.0,train
5955.0,,Yes,Urban,Graduate,,11580.0,0.027199723685346688,315.0,5625.0,1.0,train
5167.0,,Yes,Semiurban,Graduate,,8334.0,0.02399520095980804,200.0,3167.0,1.0,train
,2719.0,,,,13.0,,,,,0.0,train
5568.0,,Yes,Rural,Graduate,,7710.0,0.022694851510828687,175.0,2142.0,0.0,train
,2616.0,,,,4.0,,,,,1.0,train
,2616.0,,,,4.0,,,,,1.0,train
20833.0,,Yes,Urban,Graduate,,27500.0,0.017453910766881204,480.0,6667.0,1.0,train
2769.0,,No,Semiurban,Not Graduate,,4311.0,0.04406307977736549,190.0,1542.0,0.0,train
,4340.0,,,,7.0,,,,,1.0,train
,2616.0,,,,4.0,,,,,1.0,train
,2212.0,,,,6.0,,,,,0.0,train
,18782.0,,,,0.0,,,,,1.0,train
,3729.0,,,,20.0,,,,,1.0,train
3410.0,,No,Urban,Graduate,,3410.0,0.0257988859571973,88.0,0.0,1.0,train
,18782.0,,,,0.0,,,,,1.0,train
23803.0,,Yes,Rural,Graduate,,23803.0,0.015543606116619056,370.0,0.0,1.0,train
3159.0,,No,Semiurban,Graduate,,3159.0,0.03164556962025317,100.0,0.0,1.0,train
2768.0,,Yes,Rural,Graduate,,4718.0,0.03284594193685103,155.0,1950.0,1.0,train
,2616.0,,,,4.0,,,,,1.0,train
,3729.0,,,,20.0,,,,,1.0,train
2137.0,,No,Semiurban,Graduate,,11117.0,0.012322360136715237,137.0,8980.0,1.0,train
4344.0,,Yes,Semiurban,Not Graduate,,5080.0,0.017122613658728598,87.0,736.0,0.0,train
6000.0,,Yes,Rural,Graduate,,6000.0,0.026662222962839526,160.0,0.0,1.0,train
,4340.0,,,,7.0,,,,,1.0,train
5726.0,,Yes,Semiurban,Graduate,,10321.0,0.024995155977523737,258.0,4595.0,0.0,train
5708.0,,Yes,Semiurban,Graduate,,11333.0,0.016499029468854773,187.0,5625.0,1.0,train
5815.0,,No,Rural,Graduate,,9481.0,0.032798987555368066,311.0,3666.0,0.0,train
,2616.0,,,,4.0,,,,,1.0,train
,3659.0,,,,18.0,,,,,1.0,train
5821.0,,Yes,Urban,Graduate,,5821.0,0.024733768464445208,144.0,0.0,1.0,train
4188.0,,Yes,Semiurban,Not Graduate,,4188.0,0.027452852709477202,115.0,0.0,1.0,train
,1562.0,,,,5.0,,,,,1.0,train
,85677.0,,,,0.0,,,,,1.0,train
,1562.0,,,,5.0,,,,,1.0,train
6700.0,,Yes,Semiurban,Graduate,,8450.0,0.027215714116672583,230.0,1750.0,1.0,train
,4340.0,,,,7.0,,,,,1.0,train
16525.0,,Yes,Rural,Graduate,,17539.0,0.00855188141391106,150.0,1014.0,1.0,train
3814.0,,Yes,Semiurban,Not Graduate,,5297.0,0.023405058512646282,124.0,1483.0,1.0,train
9167.0,,No,Rural,Graduate,,9167.0,0.02017888307155323,185.0,0.0,1.0,train
,1328.0,,,,3.0,,,,,1.0,train
3676.0,,No,Rural,Graduate,,7977.0,0.021559288042115817,172.0,4301.0,1.0,train
4931.0,,Yes,Semiurban,Not Graduate,,4931.0,0.025952960259529603,128.0,0.0,0.0,train
,2616.0,,,,4.0,,,,,1.0,train
4616.0,,Yes,Urban,Graduate,,4616.0,0.02902317522200563,134.0,0.0,0.0,train
,85677.0,,,,0.0,,,,,1.0,train
,6604.0,,,,10.0,,,,,1.0,train
4707.0,,No,Semiurban,Not Graduate,,6700.0,0.022086255782718996,148.0,1993.0,1.0,train
,3729.0,,,,20.0,,,,,1.0,train
,6604.0,,,,10.0,,,,,1.0,train
17500.0,,Yes,Rural,Graduate,,17500.0,0.02285583680932518,400.0,0.0,1.0,train
,1660.0,,,,5.0,,,,,1.0,train
,1562.0,,,,5.0,,,,,1.0,train
3707.0,,Yes,Rural,Graduate,,6873.0,0.026476578411405296,182.0,3166.0,1.0,train
9833.0,,Yes,Urban,Graduate,,11666.0,0.015599554298448616,182.0,1833.0,1.0,train
,3729.0,,,,20.0,,,,,1.0,train
7167.0,,No,Urban,Graduate,,7167.0,0.017857142857142856,128.0,0.0,1.0,train
3208.0,,Yes,Urban,Graduate,,6274.0,0.02741035856573705,172.0,3066.0,1.0,train
3086.0,,No,Semiurban,Graduate,,3086.0,0.038872691933916424,120.0,0.0,1.0,train
,4340.0,,,,7.0,,,,,1.0,train
2214.0,,Yes,Urban,Graduate,,3612.0,0.023526155549404928,85.0,1398.0,1.0,train
3200.0,,Yes,Urban,Graduate,,3900.0,0.017944116893104333,70.0,700.0,1.0,train
,1660.0,,,,5.0,,,,,1.0,train
,1562.0,,,,5.0,,,,,1.0,train
3858.0,,No,Semiurban,Graduate,,3858.0,0.019694221300855144,76.0,0.0,1.0,train
3459.0,,Yes,Semiurban,Graduate,,3459.0,0.0072254335260115606,25.0,0.0,1.0,train
,4340.0,,,,7.0,,,,,1.0,train
3750.0,,Yes,Semiurban,Graduate,,3750.0,0.030925086643561715,116.0,0.0,1.0,train
,3729.0,,,,20.0,,,,,1.0,train
3052.0,,Yes,Urban,Graduate,,4082.0,0.02449179524859172,100.0,1030.0,1.0,train
,3729.0,,,,20.0,,,,,1.0,train
,18782.0,,,,0.0,,,,,1.0,train
,3729.0,,,,20.0,,,,,1.0,train
,18782.0,,,,0.0,,,,,1.0,train
3617.0,,No,Semiurban,Graduate,,3617.0,0.02957435046987286,107.0,0.0,1.0,train
,18782.0,,,,0.0,,,,,1.0,train
,18782.0,,,,0.0,,,,,1.0,train
3675.0,,Yes,Semiurban,Not Graduate,,3917.0,0.027565084226646247,108.0,242.0,1.0,train
4547.0,,No,Semiurban,Graduate,,4547.0,0.0252858399296394,115.0,0.0,1.0,train
3704.0,,Yes,Rural,Graduate,,5704.0,0.021034180543382998,120.0,2000.0,1.0,train
2400.0,,Yes,Semiurban,Graduate,,4567.0,0.025175131348511383,115.0,2167.0,1.0,train
4666.0,,Yes,Urban,Graduate,,4666.0,0.028926505249625027,135.0,0.0,1.0,train
2499.0,,Yes,Semiurban,Graduate,,4957.0,0.03227107704719645,160.0,2458.0,1.0,train
,2212.0,,,,6.0,,,,,0.0,train
,1562.0,,,,5.0,,,,,1.0,train
,18782.0,,,,0.0,,,,,1.0,train
2661.0,,Yes,Semiurban,Not Graduate,,9762.0,0.0285772815732869,279.0,7101.0,1.0,train
5124.0,,No,Rural,Graduate,,5124.0,0.024195121951219513,124.0,0.0,0.0,train
674.0,,Yes,Rural,Graduate,,5970.0,0.02813599062133646,168.0,5296.0,1.0,train
,3659.0,,,,18.0,,,,,1.0,train
3173.0,,Yes,Semiurban,Not Graduate,,3173.0,0.023314429741650915,74.0,0.0,1.0,train
,3729.0,,,,20.0,,,,,1.0,train
,4340.0,,,,7.0,,,,,1.0,train
9538.0,,Yes,Urban,Graduate,,9538.0,0.01960373204738442,187.0,0.0,1.0,train
,6604.0,,,,10.0,,,,,1.0,train
4300.0,,No,Semiurban,Graduate,,4300.0,0.03162055335968379,136.0,0.0,0.0,train
,2595.0,,,,7.0,,,,,0.0,train
,2824.0,,,,4.0,,,,,1.0,train
4000.0,,No,Rural,Graduate,,6500.0,0.02153514843870174,140.0,2500.0,1.0,train
,18782.0,,,,0.0,,,,,1.0,train
,2616.0,,,,4.0,,,,,1.0,train
7085.0,,No,Semiurban,Graduate,,7085.0,0.011854360711261643,84.0,0.0,1.0,train
,4340.0,,,,7.0,,,,,1.0,train
,2616.0,,,,4.0,,,,,1.0,train
,2824.0,,,,4.0,,,,,1.0,train
1025.0,,Yes,Rural,Graduate,,3798.0,0.029481442484864437,112.0,2773.0,1.0,train
,6604.0,,,,10.0,,,,,1.0,train
,2719.0,,,,13.0,,,,,0.0,train
,1660.0,,,,5.0,,,,,1.0,train
,1562.0,,,,5.0,,,,,1.0,train
5333.0,,Yes,Urban,Not Graduate,,6464.0,0.02877030162412993,186.0,1131.0,1.0,train
2526.0,,No,Rural,Graduate,,4309.0,0.033642691415313224,145.0,1783.0,1.0,train
10000.0,,Yes,Rural,Graduate,,10000.0,0.015498450154984501,155.0,0.0,0.0,train
,4340.0,,,,7.0,,,,,1.0,train
,4340.0,,,,7.0,,,,,1.0,train
3333.0,,Yes,Semiurban,Not Graduate,,5333.0,0.01856017997750281,99.0,2000.0,1.0,train
12000.0,,Yes,Semiurban,Graduate,,12000.0,0.04132988917590201,496.0,0.0,1.0,train
,1562.0,,,,5.0,,,,,1.0,train
,2616.0,,,,4.0,,,,,1.0,train
,3729.0,,,,20.0,,,,,1.0,train
3153.0,,Yes,Urban,Graduate,,4713.0,0.028425965210012727,134.0,1560.0,1.0,train
2400.0,,No,Urban,Graduate,,4263.0,0.024390243902439025,104.0,1863.0,0.0,train
4283.0,,Yes,Semiurban,Graduate,,6666.0,0.01904904754762262,127.0,2383.0,1.0,train
5417.0,,No,Urban,Graduate,,5417.0,0.031007751937984496,168.0,0.0,1.0,train
,1562.0,,,,5.0,,,,,1.0,train
,2212.0,,,,6.0,,,,,0.0,train
,1660.0,,,,5.0,,,,,1.0,train
,4340.0,,,,7.0,,,,,1.0,train
4608.0,,Yes,Semiurban,Graduate,,7453.0,0.018781862087469816,140.0,2845.0,1.0,train
,2719.0,,,,13.0,,,,,0.0,train
3716.0,,Yes,Rural,Graduate,,3716.0,0.011299435028248588,42.0,0.0,1.0,train
,2719.0,,,,13.0,,,,,0.0,train
,3729.0,,,,20.0,,,,,1.0,train
,2080.0,,,,6.0,,,,,1.0,train
4600.0,,Yes,Semiurban,Graduate,,4600.0,0.01586611606172571,73.0,0.0,1.0,train
3625.0,,Yes,Semiurban,Graduate,,3625.0,0.02978488692774407,108.0,0.0,1.0,train
15000.0,,Yes,Rural,Graduate,,15000.0,0.01999866675554963,300.0,0.0,1.0,train
3466.0,,Yes,Rural,Graduate,,6894.0,0.021754894851341553,150.0,3428.0,1.0,train
,4340.0,,,,7.0,,,,,1.0,train
2577.0,,Yes,Rural,Graduate,,6327.0,0.02402022756005057,152.0,3750.0,1.0,train
,3804.0,,,,6.0,,,,,1.0,train
2014.0,,Yes,Urban,Graduate,,4939.0,0.022874493927125508,113.0,2925.0,0.0,train
3597.0,,Yes,Rural,Graduate,,5754.0,0.020677671589921807,119.0,2157.0,0.0,train
,2824.0,,,,4.0,,,,,1.0,train
19730.0,,Yes,Rural,Graduate,,24996.0,0.022802736328359403,570.0,5266.0,0.0,train
,4340.0,,,,7.0,,,,,1.0,train
,1562.0,,,,5.0,,,,,1.0,train
1820.0,,Yes,Urban,Graduate,,3539.0,0.02824858757062147,100.0,1719.0,1.0,train
,6604.0,,,,10.0,,,,,1.0,train
,3729.0,,,,20.0,,,,,1.0,train
,2616.0,,,,4.0,,,,,1.0,train
5532.0,,No,Rural,Graduate,,10180.0,0.015911992928003143,162.0,4648.0,1.0,train
14683.0,,Yes,Rural,Graduate,,16783.0,0.01811248808388942,304.0,2100.0,0.0,train
,2616.0,,,,4.0,,,,,1.0,train
,1660.0,,,,5.0,,,,,1.0,train
,3729.0,,,,20.0,,,,,1.0,train
,4340.0,,,,7.0,,,,,1.0,train
,1562.0,,,,5.0,,,,,1.0,train
3846.0,,No,Semiurban,Graduate,,3846.0,0.028853652196516765,111.0,0.0,1.0,train
,1328.0,,,,3.0,,,,,1.0,train
7333.0,,Yes,Rural,Graduate,,15666.0,0.011169975106912618,175.0,8333.0,1.0,train
,6604.0,,,,10.0,,,,,1.0,test
7200.0,,No,Rural,Graduate,,7200.0,0.016664352173309263,120.0,0.0,1.0,test
,3659.0,,,,18.0,,,,,1.0,test
,3729.0,,,,20.0,,,,,1.0,test
,2653.0,,,,4.0,,,,,1.0,test
,2719.0,,,,13.0,,,,,0.0,test
2045.0,,Yes,Rural,Graduate,,3664.0,0.027557980900409278,101.0,1619.0,1.0,test
3816.0,,,Urban,Graduate,,4570.0,0.03500328155764603,160.0,754.0,1.0,test
,2719.0,,,,13.0,,,,,0.0,test
,2616.0,,,,4.0,,,,,1.0,test
,2616.0,,,,4.0,,,,,1.0,test
2491.0,,Yes,Semiurban,Graduate,,4545.0,0.02287725472943247,104.0,2054.0,1.0,test
,3729.0,,,,20.0,,,,,1.0,test
,3729.0,,,,20.0,,,,,1.0,test
,3729.0,,,,20.0,,,,,1.0,test
,6604.0,,,,10.0,,,,,1.0,test
6950.0,,No,Semiurban,Graduate,,6950.0,0.025176233635448138,175.0,0.0,1.0,test
3036.0,,Yes,Semiurban,Graduate,,5540.0,0.02851470853636528,158.0,2504.0,0.0,test
,1328.0,,,,3.0,,,,,1.0,test
,4340.0,,,,7.0,,,,,1.0,test
,1562.0,,,,5.0,,,,,1.0,test
11500.0,,Yes,Urban,Graduate,,11500.0,0.024867402834536128,286.0,0.0,0.0,test
,2719.0,,,,13.0,,,,,0.0,test
7451.0,,No,Semiurban,Graduate,,7451.0,,,0.0,1.0,test
150.0,,Yes,Rural,Graduate,,1950.0,0.06919528446950282,135.0,1800.0,0.0,test
,1660.0,,,,5.0,,,,,1.0,test
,2616.0,,,,4.0,,,,,1.0,test
,2616.0,,,,4.0,,,,,1.0,test
,1328.0,,,,3.0,,,,,1.0,test
,2616.0,,,,4.0,,,,,1.0,test
,2616.0,,,,4.0,,,,,1.0,test
3598.0,,No,Rural,Not Graduate,,4885.0,0.020466639377814164,100.0,1287.0,0.0,test
,3729.0,,,,20.0,,,,,1.0,test
4758.0,,,Semiurban,Graduate,,4758.0,0.03320025215381383,158.0,0.0,1.0,test
,3659.0,,,,18.0,,,,,1.0,test
,2616.0,,,,4.0,,,,,1.0,test
,4340.0,,,,7.0,,,,,1.0,test
6000.0,,No,Rural,Graduate,,6000.0,0.023329445092484587,140.0,0.0,1.0,test
1963.0,,No,Semiurban,Not Graduate,,1963.0,0.0269857433808554,53.0,0.0,1.0,test
,1660.0,,,,5.0,,,,,1.0,test
,1660.0,,,,5.0,,,,,1.0,test
,1562.0,,,,5.0,,,,,1.0,test
,3729.0,,,,20.0,,,,,1.0,test
,2824.0,,,,4.0,,,,,1.0,test
,1562.0,,,,5.0,,,,,1.0,test
,2824.0,,,,4.0,,,,,1.0,test
,3659.0,,,,18.0,,,,,1.0,test
18165.0,,No,Urban,Not Graduate,,18165.0,0.00688098645821865,125.0,0.0,1.0,test
,2616.0,,,,4.0,,,,,1.0,test
,3729.0,,,,20.0,,,,,1.0,test
4106.0,,Yes,Rural,Graduate,,4106.0,0.009739469198928659,40.0,0.0,1.0,test
,1562.0,,,,5.0,,,,,1.0,test
,3729.0,,,,20.0,,,,,1.0,test
,6604.0,,,,10.0,,,,,1.0,test
,6604.0,,,,10.0,,,,,1.0,test
1500.0,,No,Semiurban,Graduate,,3300.0,0.031202665858830657,103.0,1800.0,0.0,test
,2616.0,,,,4.0,,,,,1.0,test
5516.0,,Yes,Semiurban,Graduate,,16816.0,0.02943450080275911,495.0,11300.0,0.0,test
,3729.0,,,,20.0,,,,,1.0,test
,2616.0,,,,4.0,,,,,1.0,test
,2616.0,,,,4.0,,,,,1.0,test
,6604.0,,,,10.0,,,,,1.0,test
2620.0,,Yes,Semiurban,Graduate,,4843.0,0.030966143682906688,150.0,2223.0,1.0,test
,3729.0,,,,20.0,,,,,1.0,test
2423.0,,Yes,Semiurban,Graduate,,2928.0,0.04438374871969956,130.0,505.0,1.0,test
,2080.0,,,,6.0,,,,,1.0,test
,85677.0,,,,0.0,,,,,1.0,test
,1328.0,,,,3.0,,,,,1.0,test
,6604.0,,,,10.0,,,,,1.0,test
2333.0,,No,Urban,Not Graduate,,3784.0,0.026948480845442536,102.0,1451.0,0.0,test
4226.0,,Yes,Urban,Not Graduate,,5266.0,0.020884754129485476,110.0,1040.0,1.0,test
,3729.0,,,,20.0,,,,,1.0,test
,2616.0,,,,4.0,,,,,1.0,test
,1328.0,,,,3.0,,,,,1.0,test
,18782.0,,,,0.0,,,,,1.0,test
4583.0,,No,Semiurban,Graduate,,4583.0,0.029013961605584643,133.0,0.0,0.0,test
,2719.0,,,,13.0,,,,,0.0,test
,1562.0,,,,5.0,,,,,1.0,test
,3729.0,,,,20.0,,,,,1.0,test
,1562.0,,,,5.0,,,,,1.0,test
3159.0,,Yes,Urban,Graduate,,3620.0,0.029826014913007456,108.0,461.0,1.0,test
8750.0,,No,Rural,Graduate,,12917.0,0.02384270010837591,308.0,4167.0,0.0,test
3062.0,,No,Urban,Graduate,,5049.0,0.02198019801980198,111.0,1987.0,0.0,test
,1660.0,,,,5.0,,,,,1.0,test
,6604.0,,,,10.0,,,,,1.0,test
,1328.0,,,,3.0,,,,,1.0,test
,2616.0,,,,4.0,,,,,1.0,test
1782.0,,Yes,Rural,Graduate,,4014.0,0.026650062266500622,107.0,2232.0,1.0,test
,1562.0,,,,5.0,,,,,1.0,test
,1562.0,,,,5.0,,,,,1.0,test
5500.0,,Yes,Rural,Graduate,,6760.0,0.025144209436473896,170.0,1260.0,1.0,test
2708.0,,Yes,Semiurban,Graduate,,3875.0,0.02502579979360165,97.0,1167.0,1.0,test
,3659.0,,,,18.0,,,,,1.0,test
20667.0,,Yes,Rural,Graduate,,20667.0,,,0.0,0.0,test
,18782.0,,,,0.0,,,,,1.0,test
,3729.0,,,,20.0,,,,,1.0,test
3089.0,,Yes,Semiurban,Graduate,,4369.0,0.02768878718535469,121.0,1280.0,0.0,test
4053.0,,No,Urban,Not Graduate,,6479.0,0.024382716049382715,158.0,2426.0,0.0,test
,3659.0,,,,18.0,,,,,1.0,test
,1328.0,,,,3.0,,,,,1.0,test
1025.0,,Yes,Rural,Graduate,,6525.0,0.0330983757278578,216.0,5500.0,1.0,test
7901.0,,Yes,Rural,Graduate,,9734.0,0.01848998459167951,180.0,1833.0,1.0,test
1625.0,,Yes,Urban,Graduate,,3428.0,0.02799650043744532,96.0,1803.0,1.0,test
4885.0,,No,Rural,Not Graduate,,4885.0,0.009823986901350798,48.0,0.0,1.0,test
,2616.0,,,,4.0,,,,,1.0,test
,6604.0,,,,10.0,,,,,1.0,test
,1328.0,,,,3.0,,,,,1.0,test
3033.0,,Yes,Urban,Graduate,,4492.0,0.021144001780547518,95.0,1459.0,1.0,test
,2824.0,,,,4.0,,,,,1.0,test
1977.0,,Yes,Semiurban,Graduate,,2974.0,0.01680672268907563,50.0,997.0,1.0,test
,2824.0,,,,4.0,,,,,1.0,test
,2212.0,,,,6.0,,,,,0.0,test
2237.0,,No,Semiurban,Graduate,,2237.0,0.028150134048257374,63.0,0.0,0.0,test
,18782.0,,,,0.0,,,,,1.0,test
5000.0,,Yes,Semiurban,Graduate,,5000.0,0.014397120575884824,72.0,0.0,0.0,test
6250.0,,Yes,Semiurban,Graduate,,7945.0,0.02642839164359426,210.0,1695.0,1.0,test
,6604.0,,,,10.0,,,,,1.0,test
645.0,,No,Rural,Graduate,,4328.0,0.026103026103026103,113.0,3683.0,1.0,test
,1328.0,,,,3.0,,,,,1.0,test
,1328.0,,,,3.0,,,,,1.0,test
2947.0,,Yes,Urban,Graduate,,4550.0,,,1603.0,0.0,test
,1328.0,,,,3.0,,,,,1.0,test
,1328.0,,,,3.0,,,,,1.0,test
2917.0,,Yes,Rural,Not Graduate,,3453.0,0.01910828025477707,66.0,536.0,0.0,test
2764.0,,No,Urban,Graduate,,4223.0,0.026041666666666668,110.0,1459.0,1.0,test
,2212.0,,,,6.0,,,,,0.0,test
,1328.0,,,,3.0,,,,,1.0,test
4606.0,,No,Rural,Not Graduate,,4606.0,0.017581940525287606,81.0,0.0,0.0,test
2213.0,,Yes,Urban,Graduate,,3338.0,,,1125.0,1.0,test
,85677.0,,,,0.0,,,,,1.0,test
,1328.0,,,,3.0,,,,,1.0,test
,2159.0,,,,6.0,,,,,0.0,test
1600.0,,Yes,Urban,Graduate,,21600.0,0.011064302578584324,239.0,20000.0,0.0,test
2600.0,,No,Urban,Graduate,,2600.0,0.06151480199923107,160.0,0.0,0.0,test
3750.0,,No,Semiurban,Graduate,,5833.0,0.02056907781967775,120.0,2083.0,1.0,test
,1562.0,,,,5.0,,,,,1.0,test
,2616.0,,,,4.0,,,,,1.0,test
1958.0,,Yes,Rural,Not Graduate,,4394.0,0.029806598407281,131.0,2436.0,1.0,test
,1562.0,,,,5.0,,,,,1.0,test
6277.0,,No,Rural,Graduate,,6277.0,0.01879579483912074,118.0,0.0,0.0,test
,1562.0,,,,5.0,,,,,1.0,test
6256.0,,Yes,Urban,Graduate,,6256.0,0.02557136007671408,160.0,0.0,1.0,test
2132.0,,Yes,Semiurban,Graduate,,3723.0,0.02577873254564984,96.0,1591.0,1.0,test
2500.0,,Yes,Urban,Graduate,,4340.0,0.025109421792213777,109.0,1840.0,1.0,test
5503.0,,Yes,Semiurban,Graduate,,9993.0,0.007004202521512908,70.0,4490.0,1.0,test
,18782.0,,,,0.0,,,,,1.0,test
,1562.0,,,,5.0,,,,,1.0,test
,3729.0,,,,20.0,,,,,1.0,test
6250.0,,Yes,Semiurban,Graduate,,6250.0,0.020476723724204126,128.0,0.0,1.0,test
,6604.0,,,,10.0,,,,,1.0,test
3717.0,,Yes,Semiurban,Graduate,,3717.0,0.0322754168908015,120.0,0.0,1.0,test
,18782.0,,,,0.0,,,,,1.0,test
,4340.0,,,,7.0,,,,,1.0,test
,2824.0,,,,4.0,,,,,1.0,test
2333.0,,Yes,Urban,Graduate,,4750.0,0.028625552515259944,136.0,2417.0,1.0,test
,2616.0,,,,4.0,,,,,1.0,test
,2719.0,,,,13.0,,,,,0.0,test
,3729.0,,,,20.0,,,,,1.0,test
7100.0,,Yes,Urban,Not Graduate,,7100.0,0.017603154485283764,125.0,0.0,1.0,test
,4340.0,,,,7.0,,,,,1.0,test
8333.0,,No,Semiurban,Graduate,,8333.0,0.033597312215022795,280.0,0.0,1.0,test
5417.0,,No,Urban,Graduate,,5417.0,0.026393503137689185,143.0,0.0,0.0,test
,2616.0,,,,4.0,,,,,1.0,test
,6604.0,,,,10.0,,,,,1.0,test
,3729.0,,,,20.0,,,,,1.0,test
4333.0,,Yes,Urban,Graduate,,6144.0,0.026037428803905614,160.0,1811.0,1.0,test
,2616.0,,,,4.0,,,,,1.0,test
,2616.0,,,,4.0,,,,,1.0,test
3158.0,,No,Rural,Graduate,,6211.0,0.014327108821635544,89.0,3053.0,1.0,test
,1660.0,,,,5.0,,,,,1.0,test
,3729.0,,,,20.0,,,,,1.0,test
2500.0,,Yes,Urban,Graduate,,6296.0,0.019056693663649357,120.0,3796.0,1.0,test
,1328.0,,,,3.0,,,,,1.0,test
,1328.0,,,,3.0,,,,,1.0,test
,2719.0,,,,13.0,,,,,0.0,test
3365.0,,Yes,Rural,Not Graduate,,5282.0,0.021200075714556125,112.0,1917.0,0.0,test
,2212.0,,,,6.0,,,,,0.0,test
,2616.0,,,,4.0,,,,,1.0,test
,2080.0,,,,6.0,,,,,1.0,test
4583.0,,Yes,Semiurban,Graduate,,10208.0,0.024977960622979724,255.0,5625.0,1.0,test
,4340.0,,,,7.0,,,,,1.0,test
,1328.0,,,,3.0,,,,,1.0,test
2281.0,,Yes,Rural,Not Graduate,,2281.0,0.04951796669588081,113.0,0.0,0.0,test
,3729.0,,,,20.0,,,,,1.0,test
6400.0,,No,Rural,Graduate,,6400.0,0.031245117950320263,200.0,0.0,1.0,test
,3729.0,,,,20.0,,,,,1.0,test
,6604.0,,,,10.0,,,,,1.0,test
18333.0,,Yes,Urban,Graduate,,18333.0,0.027271735573251882,500.0,0.0,0.0,test
4750.0,,No,Semiurban,Graduate,,4750.0,0.01978530835613555,94.0,0.0,1.0,test
3366.0,,Yes,Rural,Graduate,,5566.0,0.02425004490749057,135.0,2200.0,0.0,test
,2616.0,,,,4.0,,,,,1.0,test
3316.0,,Yes,Urban,Graduate,,6816.0,0.012908904210063077,88.0,3500.0,1.0,test
2799.0,,Yes,Semiurban,Graduate,,5052.0,0.02414407282802296,122.0,2253.0,1.0,test
,3729.0,,,,20.0,,,,,1.0,test
,1660.0,,,,5.0,,,,,1.0,test
6383.0,,Yes,Rural,Not Graduate,,7383.0,0.025325027085590465,187.0,1000.0,0.0,test
,2616.0,,,,4.0,,,,,1.0,test
,4340.0,,,,7.0,,,,,1.0,test
,3729.0,,,,20.0,,,,,1.0,test
,3659.0,,,,18.0,,,,,1.0,test
3463.0,,No,Urban,Graduate,,3463.0,0.03521939953810624,122.0,0.0,1.0,test
7578.0,,Yes,Semiurban,Graduate,,8588.0,0.020374898125509373,175.0,1010.0,1.0,test
3859.0,,Yes,Semiurban,Graduate,,3859.0,0.024870466321243522,96.0,0.0,1.0,test
,2824.0,,,,4.0,,,,,1.0,test
,2824.0,,,,4.0,,,,,1.0,test
,6604.0,,,,10.0,,,,,1.0,test
3333.0,,Yes,Semiurban,Not Graduate,,5499.0,0.023636363636363636,130.0,2166.0,1.0,test
,2616.0,,,,4.0,,,,,1.0,test
6000.0,,No,Urban,Graduate,,6000.0,0.02599566738876854,156.0,0.0,1.0,test
,3729.0,,,,20.0,,,,,1.0,test
8000.0,,Yes,Semiurban,Graduate,,8000.0,0.024996875390576177,200.0,0.0,1.0,test
,2616.0,,,,4.0,,,,,1.0,test
14583.0,,Yes,Semiurban,Graduate,,14583.0,0.029895776193088315,436.0,0.0,1.0,test
,3729.0,,,,20.0,,,,,1.0,test
3417.0,,Yes,Urban,Graduate,,5167.0,0.035990712074303405,186.0,1750.0,1.0,test
,1562.0,,,,5.0,,,,,1.0,test
,3729.0,,,,20.0,,,,,1.0,test
2366.0,,No,Semiurban,Graduate,,4897.0,0.027766435279706004,136.0,2531.0,1.0,test
12500.0,,No,Rural,Graduate,,15500.0,0.02064382943035933,320.0,3000.0,0.0,test
2785.0,,Yes,Rural,Graduate,,4801.0,0.022907122032486463,110.0,2016.0,1.0,test
,18782.0,,,,0.0,,,,,1.0,test
,1660.0,,,,5.0,,,,,1.0,test
,2824.0,,,,4.0,,,,,1.0,test
,2653.0,,,,4.0,,,,,1.0,test
,2616.0,,,,4.0,,,,,1.0,test
,1328.0,,,,3.0,,,,,1.0,test
,2616.0,,,,4.0,,,,,1.0,test
,3729.0,,,,20.0,,,,,1.0,test
,1328.0,,,,3.0,,,,,1.0,test
,4340.0,,,,7.0,,,,,1.0,test
,3729.0,,,,20.0,,,,,1.0,test
,3729.0,,,,20.0,,,,,1.0,test
,1562.0,,,,5.0,,,,,1.0,test
4950.0,,No,Urban,Graduate,,4950.0,0.025247424762674206,125.0,0.0,1.0,test
,3729.0,,,,20.0,,,,,1.0,test
,3729.0,,,,20.0,,,,,1.0,test
4100.0,,Yes,Rural,Not Graduate,,4100.0,0.03023652767617654,124.0,0.0,1.0,test
,2616.0,,,,4.0,,,,,1.0,test
2645.0,,Yes,Urban,Graduate,,6085.0,0.019717384160368057,120.0,3440.0,0.0,test
,2616.0,,,,4.0,,,,,1.0,test
3333.0,,Yes,Semiurban,Graduate,,5833.0,0.021940349674322936,128.0,2500.0,1.0,test
,6604.0,,,,10.0,,,,,1.0,test
,2080.0,,,,6.0,,,,,1.0,test
416.0,,No,Urban,Graduate,,42083.0,0.0083166999334664,350.0,41667.0,0.0,test
17263.0,,No,Semiurban,Not Graduate,,17263.0,0.013032900834105653,225.0,0.0,1.0,test
,18782.0,,,,0.0,,,,,1.0,test
3254.0,,No,Urban,Graduate,,3254.0,0.015360983102918587,50.0,0.0,1.0,test
,6604.0,,,,10.0,,,,,1.0,test
,6604.0,,,,10.0,,,,,1.0,test
,1562.0,,,,5.0,,,,,1.0,test
,1328.0,,,,3.0,,,,,1.0,test
2473.0,,Yes,Rural,Graduate,,4316.0,0.03683113273106324,159.0,1843.0,0.0,test
,3729.0,,,,20.0,,,,,1.0,test
1830.0,,No,Urban,Not Graduate,,1830.0,,,0.0,0.0,test
6822.0,,No,Rural,Graduate,,6822.0,0.020665396453173092,141.0,0.0,1.0,test
,3659.0,,,,18.0,,,,,1.0,test
2550.0,,No,Rural,Not Graduate,,4592.0,0.027433050293925537,126.0,2042.0,1.0,test
,4340.0,,,,7.0,,,,,1.0,test
6325.0,,Yes,Semiurban,Graduate,,6325.0,0.027663610496364212,175.0,0.0,1.0,test
,2616.0,,,,4.0,,,,,1.0,test
,3729.0,,,,20.0,,,,,1.0,test
,2616.0,,,,4.0,,,,,1.0,test
,18782.0,,,,0.0,,,,,1.0,test
2583.0,,Yes,Urban,Graduate,,4698.0,0.02553734837199404,120.0,2115.0,1.0,test
,3729.0,,,,20.0,,,,,1.0,test
3800.0,,Yes,Urban,Graduate,,7400.0,0.029185245237130116,216.0,3600.0,0.0,test
,3729.0,,,,20.0,,,,,1.0,test
2667.0,,No,Urban,Graduate,,4292.0,0.019566736547868623,84.0,1625.0,1.0,test
3074.0,,Yes,Semiurban,Not Graduate,,4874.0,0.02523076923076923,123.0,1800.0,0.0,test
3000.0,,Yes,Urban,Graduate,,3000.0,0.021992669110296566,66.0,0.0,1.0,test
,1328.0,,,,3.0,,,,,1.0,test
,4340.0,,,,7.0,,,,,1.0,test
4166.0,,No,Urban,Graduate,,11376.0,0.016172980574843985,184.0,7210.0,1.0,test
3326.0,,Yes,Semiurban,Graduate,,4239.0,0.024764150943396228,105.0,913.0,1.0,test
,6604.0,,,,10.0,,,,,1.0,test
5941.0,,No,Semiurban,Graduate,,10173.0,0.029093768429329665,296.0,4232.0,1.0,test
,3729.0,,,,20.0,,,,,1.0,test
5818.0,,Yes,Semiurban,Graduate,,7978.0,0.023060533901491414,184.0,2160.0,1.0,test
,4340.0,,,,7.0,,,,,1.0,test
,3659.0,,,,18.0,,,,,1.0,test
,2824.0,,,,4.0,,,,,1.0,test
,3729.0,,,,20.0,,,,,1.0,test
1800.0,,No,Urban,Graduate,,3013.0,0.015593895155938951,47.0,1213.0,1.0,test
3250.0,,Yes,Rural,Graduate,,3250.0,0.05229160258382036,170.0,0.0,0.0,test
,1562.0,,,,5.0,,,,,1.0,test
2149.0,,Yes,Semiurban,Not Graduate,,5386.0,0.033042509745684054,178.0,3237.0,0.0,test
,1328.0,,,,3.0,,,,,1.0,test
,2212.0,,,,6.0,,,,,0.0,test
,18782.0,,,,0.0,,,,,1.0,test
2833.0,,No,Urban,Graduate,,2833.0,0.025052928722653495,71.0,0.0,1.0,test
8566.0,,No,Urban,Graduate,,8566.0,0.02451266487685304,210.0,0.0,1.0,test
,18782.0,,,,0.0,,,,,1.0,test
,1562.0,,,,5.0,,,,,1.0,test
,1660.0,,,,5.0,,,,,1.0,test
,2159.0,,,,6.0,,,,,0.0,test
5703.0,,Yes,Urban,Graduate,,5703.0,0.02244039270687237,128.0,0.0,1.0,test
4333.0,,Yes,Urban,Graduate,,6784.0,0.016212232866617538,110.0,2451.0,0.0,test
5050.0,,No,Semiurban,Graduate,,5050.0,0.02336171055236587,118.0,0.0,1.0,test
2239.0,,Yes,Urban,Not Graduate,,4763.0,0.02686817800167926,128.0,2524.0,1.0,test
,18782.0,,,,0.0,,,,,1.0,test
,1562.0,,,,5.0,,,,,1.0,test
,3729.0,,,,20.0,,,,,1.0,test
2330.0,,Yes,Semiurban,Graduate,,6816.0,0.014669209329617133,100.0,4486.0,1.0,test
3941.0,,Yes,Semiurban,Graduate,,6277.0,0.021344377190187957,134.0,2336.0,1.0,test
3418.0,,No,Rural,Graduate,,3418.0,0.03948522959929804,135.0,0.0,0.0,test
,1328.0,,,,3.0,,,,,1.0,test
3232.0,,Yes,Rural,Graduate,,5182.0,0.020837352884429866,108.0,1950.0,1.0,test
3173.0,,Yes,Urban,Graduate,,6194.0,0.022114608555286523,137.0,3021.0,1.0,test
3813.0,,No,Urban,Graduate,,3813.0,0.030414263240692185,116.0,0.0,1.0,test
3229.0,,No,Urban,Graduate,,5968.0,0.018428547495392862,110.0,2739.0,1.0,test
,1562.0,,,,5.0,,,,,1.0,test
3103.0,,Yes,Urban,Graduate,,4403.0,0.018165304268846504,80.0,1300.0,1.0,test
3357.0,,Yes,Urban,Not Graduate,,6216.0,0.023162296927778672,144.0,2859.0,1.0,test
,1562.0,,,,5.0,,,,,1.0,test
,6604.0,,,,10.0,,,,,1.0,test
6540.0,,Yes,Semiurban,Graduate,,6540.0,0.0313407735820211,205.0,0.0,1.0,test
,2616.0,,,,4.0,,,,,1.0,test
8080.0,,Yes,Urban,Graduate,,10330.0,0.017423289129803503,180.0,2250.0,1.0,test
,2616.0,,,,4.0,,,,,1.0,test
3166.0,,Yes,Semiurban,Graduate,,3166.0,0.011367224502683928,36.0,0.0,1.0,test
,2616.0,,,,4.0,,,,,1.0,test
2031.0,,Yes,Semiurban,Graduate,,3663.0,0.03084061135371179,113.0,1632.0,1.0,test
5417.0,,Yes,Urban,Graduate,,9613.0,0.027771999167880174,267.0,4196.0,1.0,test
,3729.0,,,,20.0,,,,,1.0,test
3400.0,,Yes,Rural,Graduate,,5900.0,0.020843924758515507,123.0,2500.0,0.0,test
,18782.0,,,,0.0,,,,,1.0,test
,2616.0,,,,4.0,,,,,1.0,test
,3729.0,,,,20.0,,,,,1.0,test
,2212.0,,,,6.0,,,,,0.0,test
,2080.0,,,,6.0,,,,,1.0,test
,4340.0,,,,7.0,,,,,1.0,test
,2616.0,,,,4.0,,,,,1.0,test
51763.0,,Yes,Urban,Graduate,,51763.0,0.01352291167606831,700.0,0.0,1.0,test
,2616.0,,,,4.0,,,,,1.0,test
,3729.0,,,,20.0,,,,,1.0,test
6406.0,,Yes,Semiurban,Graduate,,6406.0,0.023411893241766818,150.0,0.0,0.0,test
,3729.0,,,,20.0,,,,,1.0,test
,1660.0,,,,5.0,,,,,1.0,test
,3729.0,,,,20.0,,,,,1.0,test
,3729.0,,,,20.0,,,,,1.0,test
2253.0,,Yes,Rural,Not Graduate,,4286.0,0.025658968975973875,110.0,2033.0,1.0,test
2699.0,,No,Semiurban,Not Graduate,,5484.0,0.017502278942570646,96.0,2785.0,1.0,test
3500.0,,Yes,Semiurban,Graduate,,5167.0,0.022058823529411766,114.0,1667.0,1.0,test
2987.0,,No,Semiurban,Graduate,,2987.0,0.029451137884872823,88.0,0.0,0.0,test
,6604.0,,,,10.0,,,,,1.0,test
,1660.0,,,,5.0,,,,,1.0,test
,1328.0,,,,3.0,,,,,1.0,test
,2616.0,,,,4.0,,,,,1.0,test
4692.0,,No,Rural,Graduate,,4692.0,0.02258683145109738,106.0,0.0,0.0,test
12000.0,,No,Semiurban,Graduate,,12000.0,0.013665527872677276,164.0,0.0,0.0,test
,3729.0,,,,20.0,,,,,1.0,test
6400.0,,Yes,Urban,Graduate,,13650.0,0.013185847190682002,180.0,7250.0,0.0,test
,6604.0,,,,10.0,,,,,1.0,test
,2616.0,,,,4.0,,,,,1.0,test
,2616.0,,,,4.0,,,,,1.0,test
,3659.0,,,,18.0,,,,,1.0,test
3523.0,,Yes,Rural,Not Graduate,,6753.0,0.022505182114302635,152.0,3230.0,0.0,test
2058.0,,Yes,Urban,Graduate,,4192.0,0.020987359885523492,88.0,2134.0,1.0,test
16120.0,,Yes,Urban,Graduate,,16120.0,0.016128031759816388,260.0,0.0,1.0,test
,2719.0,,,,13.0,,,,,0.0,test
,2616.0,,,,4.0,,,,,1.0,test
,1328.0,,,,3.0,,,,,1.0,test
,6604.0,,,,10.0,,,,,1.0,test
,4340.0,,,,7.0,,,,,1.0,test
,1660.0,,,,5.0,,,,,1.0,test
2014.0,,No,Urban,Graduate,,3943.0,0.018762677484787018,74.0,1929.0,1.0,test
,3729.0,,,,20.0,,,,,1.0,test
5000.0,,No,Semiurban,Graduate,,5000.0,0.020595880823835233,103.0,0.0,0.0,test
,2212.0,,,,6.0,,,,,0.0,test
,2616.0,,,,4.0,,,,,1.0,test
2500.0,,No,Semiurban,Graduate,,22500.0,0.004577574330029776,103.0,20000.0,1.0,test
